location,forecast_date,target_date,week_of_season,season_year,actual,predicted,residual_log
Illinois,2025-11-01,2025-11-08,0,2025,29.0,41.29677788420872,-0.34351352853862194
Illinois,2025-11-08,2025-11-15,1,2025,47.0,39.98353352899446,0.15803064611903306
Illinois,2025-11-15,2025-11-22,2,2025,87.0,56.980636664681434,0.4172277102812494
Illinois,2025-11-22,2025-11-29,3,2025,132.0,117.16733501986626,0.11824741491224167
Illinois,2025-11-29,2025-12-06,4,2025,200.0,164.87835258834852,0.19205020407607254
Illinois,2025-12-06,2025-12-13,5,2025,263.0,263.7599551700539,-0.0028744827814346507
Illinois,2025-12-13,2025-12-20,6,2025,597.0,337.9821059391158,0.5676434328037159
Illinois,2025-12-20,2025-12-27,7,2025,1470.0,860.8867118228178,0.5345738833742555
Illinois,2025-12-27,2026-01-03,8,2025,1700.0,1432.8583416105216,0.17084736160368497
Illinois,2026-01-03,2026-01-10,9,2025,1156.0,1797.4978077422631,-0.4411213170045132
Illinois,2026-01-10,2026-01-17,10,2025,719.0,1570.9086969272107,-0.7807946784571858
Illinois,2026-01-17,2026-01-24,11,2025,594.0,1137.9685088757265,-0.6493169094734439
Arizona,2025-11-01,2025-11-08,0,2025,17.0,13.529724506665904,0.21417524080577266
Arizona,2025-11-08,2025-11-15,1,2025,18.0,35.84862034394998,-0.662379198983758
Arizona,2025-11-15,2025-11-22,2,2025,47.0,46.97575295070967,0.0005052744898734751
Arizona,2025-11-22,2025-11-29,3,2025,47.0,151.70217249597445,-1.157288428432087
Arizona,2025-11-29,2025-12-06,4,2025,41.0,174.55212912661878,-1.4302664125777693
Arizona,2025-12-06,2025-12-13,5,2025,80.0,101.47049901319576,-0.2351257879740727
Arizona,2025-12-13,2025-12-20,6,2025,133.0,140.14588198230499,-0.051954179560721236
Arizona,2025-12-20,2025-12-27,7,2025,319.0,188.75796811401645,0.5225715877039621
Arizona,2025-12-27,2026-01-03,8,2025,357.0,572.2988162623425,-0.4708740887327547
Arizona,2026-01-03,2026-01-10,9,2025,223.0,591.0651145105378,-0.9719705677076895
Arizona,2026-01-10,2026-01-17,10,2025,145.0,268.0613725826699,-0.6113328827359963
Arizona,2026-01-17,2026-01-24,11,2025,161.0,188.44003124311146,-0.156476181386763
Mississippi,2025-11-01,2025-11-08,0,2025,17.0,18.743265293206743,-0.09244067748567497
Mississippi,2025-11-08,2025-11-15,1,2025,21.0,21.771379620437344,-0.03446201427305695
Mississippi,2025-11-15,2025-11-22,2,2025,23.0,25.119160357192353,-0.0846153279537245
Mississippi,2025-11-22,2025-11-29,3,2025,23.0,23.593577389178378,-0.024431496761883942
Mississippi,2025-11-29,2025-12-06,4,2025,38.0,24.173439045141233,0.43777221361255236
Mississippi,2025-12-06,2025-12-13,5,2025,66.0,42.927516934953935,0.42215168622058075
Mississippi,2025-12-13,2025-12-20,6,2025,145.0,93.23451970278246,0.43782005605559426
Mississippi,2025-12-20,2025-12-27,7,2025,233.0,228.5222911877695,0.01932096121537974
Mississippi,2025-12-27,2026-01-03,8,2025,214.0,239.30396336056023,-0.11126660786434872
Mississippi,2026-01-03,2026-01-10,9,2025,182.0,232.1918011409578,-0.24237514295921425
Mississippi,2026-01-10,2026-01-17,10,2025,129.0,162.6920802616846,-0.2304526531646447
Mississippi,2026-01-17,2026-01-24,11,2025,96.0,132.50920733831975,-0.31945946578504625
Ohio,2025-11-01,2025-11-08,0,2025,42.0,28.113840677560823,0.38998642993122346
Ohio,2025-11-08,2025-11-15,1,2025,47.0,33.53427485368722,0.3292487060193654
Ohio,2025-11-15,2025-11-22,2,2025,90.0,66.2728868437332,0.30210222111837837
Ohio,2025-11-22,2025-11-29,3,2025,125.0,165.98518712963636,-0.2816232017086788
Ohio,2025-11-29,2025-12-06,4,2025,176.0,200.54082638480094,-0.1298422406213211
Ohio,2025-12-06,2025-12-13,5,2025,329.0,258.39143455672325,0.2407544033364557
Ohio,2025-12-13,2025-12-20,6,2025,745.0,517.1854519152341,0.36439240673608086
Ohio,2025-12-20,2025-12-27,7,2025,1609.0,1180.6824304908137,0.3092949674386416
Ohio,2025-12-27,2026-01-03,8,2025,1958.0,1941.8280480510946,0.008289470655660658
Ohio,2026-01-03,2026-01-10,9,2025,1377.0,2088.553244649054,-0.41631711199451704
Ohio,2026-01-10,2026-01-17,10,2025,858.0,1395.8106703302822,-0.4861779021972499
Ohio,2026-01-17,2026-01-24,11,2025,619.0,868.8882617466833,-0.3386452905871131
New Hampshire,2025-11-01,2025-11-08,0,2025,1.1102230246251563e-16,3.14073897192113,-1.4208742675418962
New Hampshire,2025-11-08,2025-11-15,1,2025,5.0,0.8859477376879339,1.1573289960646105
New Hampshire,2025-11-15,2025-11-22,2,2025,12.0,4.325147727053828,0.8925089040811218
New Hampshire,2025-11-22,2025-11-29,3,2025,11.0,9.730162238603203,0.11184797316620543
New Hampshire,2025-11-29,2025-12-06,4,2025,25.0,17.30205149769989,0.35108338075780976
New Hampshire,2025-12-06,2025-12-13,5,2025,46.0,24.704257080493974,0.6034909783711209
New Hampshire,2025-12-13,2025-12-20,6,2025,95.0,57.34755702334313,0.49793070124939476
New Hampshire,2025-12-20,2025-12-27,7,2025,196.0,95.72296594856883,0.7113528575938384
New Hampshire,2025-12-27,2026-01-03,8,2025,288.0,149.6980226331412,0.6511487037794623
New Hampshire,2026-01-03,2026-01-10,9,2025,224.0,180.22146272645773,0.21638056789215998
New Hampshire,2026-01-10,2026-01-17,10,2025,153.0,190.2385405173857,-0.21656894963446582
New Hampshire,2026-01-17,2026-01-24,11,2025,78.0,160.67529881615874,-0.7161421431160298
Nevada,2025-11-01,2025-11-08,0,2025,13.0,5.948310638075795,0.7005587732439065
Nevada,2025-11-08,2025-11-15,1,2025,17.0,11.846611826225995,0.337291652433092
Nevada,2025-11-15,2025-11-22,2,2025,11.0,18.517956290598185,-0.48642822748815195
Nevada,2025-11-22,2025-11-29,3,2025,13.0,12.06847251228821,0.06885467856499661
Nevada,2025-11-29,2025-12-06,4,2025,32.0,11.685989448619813,0.9560093699893306
Nevada,2025-12-06,2025-12-13,5,2025,53.0,36.8667281829752,0.35491120439625146
Nevada,2025-12-13,2025-12-20,6,2025,128.0,63.068984523322676,0.6998520183240524
Nevada,2025-12-20,2025-12-27,7,2025,271.0,180.24293071186784,0.40596377629085456
Nevada,2025-12-27,2026-01-03,8,2025,248.0,276.2990864294224,-0.10764376163094358
Nevada,2026-01-03,2026-01-10,9,2025,198.0,286.0901043644597,-0.3664912942517651
Nevada,2026-01-10,2026-01-17,10,2025,127.0,208.65353144874078,-0.49342605405202455
Nevada,2026-01-17,2026-01-24,11,2025,49.0,170.43764788492055,-1.2321966258864125
New Jersey,2025-11-01,2025-11-08,0,2025,47.0,33.024424758445825,0.34412236895131265
New Jersey,2025-11-08,2025-11-15,1,2025,56.0,48.0098068511114,0.15103084993062543
New Jersey,2025-11-15,2025-11-22,2,2025,73.0,68.9862436635541,0.055766389559302354
New Jersey,2025-11-22,2025-11-29,3,2025,154.0,88.25633964807125,0.5519126663107983
New Jersey,2025-11-29,2025-12-06,4,2025,277.0,182.935990501974,0.41303329431180025
New Jersey,2025-12-06,2025-12-13,5,2025,588.0,412.19293434542317,0.3545115463939741
New Jersey,2025-12-13,2025-12-20,6,2025,1082.0,612.0021648013476,0.5691217795843144
New Jersey,2025-12-20,2025-12-27,7,2025,1466.0,1219.1965186397592,0.18420757253554498
New Jersey,2025-12-27,2026-01-03,8,2025,1724.0,1514.3809238219812,0.12956020826044412
New Jersey,2026-01-03,2026-01-10,9,2025,1181.0,1657.4779009607043,-0.33869233561760925
New Jersey,2026-01-10,2026-01-17,10,2025,653.0,1464.403690875861,-0.8067786889469861
New Jersey,2026-01-17,2026-01-24,11,2025,397.0,1091.67365951466,-1.0099308651306211
Delaware,2025-11-01,2025-11-08,0,2025,4.0,2.05606288255745,0.4923104645884324
Delaware,2025-11-08,2025-11-15,1,2025,7.0,4.198832248401895,0.4310075089265568
Delaware,2025-11-15,2025-11-22,2,2025,13.0,6.384729856016634,0.6396429943935176
Delaware,2025-11-22,2025-11-29,3,2025,13.0,17.37485646666846,-0.27192590411536255
Delaware,2025-11-29,2025-12-06,4,2025,17.0,16.029716209124476,0.05541192753396462
Delaware,2025-12-06,2025-12-13,5,2025,39.0,26.70405324027176,0.3673007252617002
Delaware,2025-12-13,2025-12-20,6,2025,99.0,51.95390526956814,0.6357483627497271
Delaware,2025-12-20,2025-12-27,7,2025,211.0,108.25502425563137,0.6629014531438582
Delaware,2025-12-27,2026-01-03,8,2025,209.0,141.37934651464462,0.3886125807794505
Delaware,2026-01-03,2026-01-10,9,2025,174.0,124.68034729613464,0.3310442166434404
Delaware,2026-01-10,2026-01-17,10,2025,134.0,134.59188376357247,-0.0043747410255878805
Delaware,2026-01-17,2026-01-24,11,2025,101.0,130.09799140524478,-0.2509722562791108
Iowa,2025-11-01,2025-11-08,0,2025,9.0,8.638727400217379,0.03679600551158213
Iowa,2025-11-08,2025-11-15,1,2025,8.0,9.913172593240406,-0.192745977049531
Iowa,2025-11-15,2025-11-22,2,2025,5.0,18.14441413404816,-1.1602515137207265
Iowa,2025-11-22,2025-11-29,3,2025,19.0,11.447091919790028,0.47424525866726075
Iowa,2025-11-29,2025-12-06,4,2025,21.0,32.283400525460465,-0.41401633662536286
Iowa,2025-12-06,2025-12-13,5,2025,30.0,25.487218825680106,0.1573248963060112
Iowa,2025-12-13,2025-12-20,6,2025,90.0,47.73610939521876,0.6244392851575129
Iowa,2025-12-20,2025-12-27,7,2025,260.0,93.82320470323867,1.0125062526636972
Iowa,2025-12-27,2026-01-03,8,2025,377.0,266.9463446182535,0.34410744180106523
Iowa,2026-01-03,2026-01-10,9,2025,274.0,370.58846557127777,-0.3010158688862985
Iowa,2026-01-10,2026-01-17,10,2025,253.0,366.2900813755827,-0.36881768129213377
Iowa,2026-01-17,2026-01-24,11,2025,211.0,373.8367938378914,-0.5699044401319497
South Carolina,2025-11-01,2025-11-08,0,2025,16.0,14.37989085140415,0.10015247679166706
South Carolina,2025-11-08,2025-11-15,1,2025,20.0,14.339868871238604,0.3140671899800007
South Carolina,2025-11-15,2025-11-22,2,2025,41.0,19.251258968083178,0.7294526554000065
South Carolina,2025-11-22,2025-11-29,3,2025,52.0,47.28003900850241,0.09327370935910739
South Carolina,2025-11-29,2025-12-06,4,2025,86.0,62.84584816626395,0.30943656309425016
South Carolina,2025-12-06,2025-12-13,5,2025,123.0,94.52423291888881,0.2609016024651236
South Carolina,2025-12-13,2025-12-20,6,2025,391.0,154.97084070362968,0.9215927685788543
South Carolina,2025-12-20,2025-12-27,7,2025,856.0,558.7237115390319,0.42599462886844996
South Carolina,2025-12-27,2026-01-03,8,2025,890.0,685.0425893239484,0.26140471810942145
South Carolina,2026-01-03,2026-01-10,9,2025,548.0,762.1551806388303,-0.3293629513220795
South Carolina,2026-01-10,2026-01-17,10,2025,294.0,550.0548602953864,-0.6248590128212355
South Carolina,2026-01-17,2026-01-24,11,2025,224.0,391.23580486036184,-0.5557627997426966
Maryland,2025-11-01,2025-11-08,0,2025,20.0,11.102973283607563,0.5510712893884158
Maryland,2025-11-08,2025-11-15,1,2025,33.0,19.181298142924675,0.5216041835671668
Maryland,2025-11-15,2025-11-22,2,2025,66.0,33.121506434149296,0.6747647466826416
Maryland,2025-11-22,2025-11-29,3,2025,91.0,84.5476867926681,0.07271461632049459
Maryland,2025-11-29,2025-12-06,4,2025,138.0,110.73270277009358,0.21836449667254687
Maryland,2025-12-06,2025-12-13,5,2025,238.0,182.69603089273696,0.26318116640690814
Maryland,2025-12-13,2025-12-20,6,2025,400.0,308.298145609414,0.2596557430767321
Maryland,2025-12-20,2025-12-27,7,2025,644.0,528.7028907788579,0.19693405087136284
Maryland,2025-12-27,2026-01-03,8,2025,803.0,664.0277731771935,0.1897704652189809
Maryland,2026-01-03,2026-01-10,9,2025,587.0,777.7464846925224,-0.2809586081543536
Maryland,2026-01-10,2026-01-17,10,2025,282.0,647.1297816151267,-0.8286440589258781
Maryland,2026-01-17,2026-01-24,11,2025,143.0,346.03790811873114,-0.8796207197029622
Arkansas,2025-11-01,2025-11-08,0,2025,9.0,10.25652644861685,-0.11836299621268509
Arkansas,2025-11-08,2025-11-15,1,2025,13.0,10.940459459299635,0.15912474171280344
Arkansas,2025-11-15,2025-11-22,2,2025,17.000000000000004,13.389122857009697,0.2238991938922692
Arkansas,2025-11-22,2025-11-29,3,2025,78.0,19.663123613066034,1.3410972088646766
Arkansas,2025-11-29,2025-12-06,4,2025,56.00000000000001,136.13763738576108,-0.8779338061188646
Arkansas,2025-12-06,2025-12-13,5,2025,85.0,107.86005369933856,-0.23571585004048856
Arkansas,2025-12-13,2025-12-20,6,2025,145.0,128.46662103821933,0.12018352639327734
Arkansas,2025-12-20,2025-12-27,7,2025,261.0,201.28739943247413,0.25865504806967543
Arkansas,2025-12-27,2026-01-03,8,2025,239.0,257.68663408696216,-0.07497849882900542
Arkansas,2026-01-03,2026-01-10,9,2025,160.0,278.06017308885225,-0.5500230677361682
Arkansas,2026-01-10,2026-01-17,10,2025,103.0,262.79174920715394,-0.9307690639550428
Arkansas,2026-01-17,2026-01-24,11,2025,119.0,183.817429683939,-0.4318767284495504
Pennsylvania,2025-11-01,2025-11-08,0,2025,113.0,129.3634184375504,-0.13412762828681846
Pennsylvania,2025-11-08,2025-11-15,1,2025,128.0,114.5679239963873,0.10995396070614483
Pennsylvania,2025-11-15,2025-11-22,2,2025,193.0,122.82811228511622,0.44896374635923486
Pennsylvania,2025-11-22,2025-11-29,3,2025,327.0,190.6599529349608,0.5372908850338254
Pennsylvania,2025-11-29,2025-12-06,4,2025,512.0,512.3934152066475,-0.0007665973301964613
Pennsylvania,2025-12-06,2025-12-13,5,2025,699.0,718.3721000967184,-0.0272984132819154
Pennsylvania,2025-12-13,2025-12-20,6,2025,1255.0,877.9451544119102,0.356964846725468
Pennsylvania,2025-12-20,2025-12-27,7,2025,2375.0,1693.1488310519508,0.3382379513659606
Pennsylvania,2025-12-27,2026-01-03,8,2025,3323.0,2132.1993035920123,0.44354600371059316
Pennsylvania,2026-01-03,2026-01-10,9,2025,2243.0,3361.971976798853,-0.4045651122645273
Pennsylvania,2026-01-10,2026-01-17,10,2025,1856.0,3080.8138166943995,-0.5065560428046147
Pennsylvania,2026-01-17,2026-01-24,11,2025,1178.0,2874.552023508678,-0.8915780424398001
Hawaii,2025-11-01,2025-11-08,0,2025,5.0,7.956816564418544,-0.4006554004771474
Hawaii,2025-11-08,2025-11-15,1,2025,16.0,5.65529641985444,0.9378003522762743
Hawaii,2025-11-15,2025-11-22,2,2025,42.0,15.78872504892805,0.9404925826315815
Hawaii,2025-11-22,2025-11-29,3,2025,29.0,37.32495253310868,-0.24490380455897842
Hawaii,2025-11-29,2025-12-06,4,2025,40.0,36.08106336580746,0.10046564880707542
Hawaii,2025-12-06,2025-12-13,5,2025,71.0,42.72638879378343,0.4987143366081659
Hawaii,2025-12-13,2025-12-20,6,2025,83.0,86.67515009099277,-0.04282170908329075
Hawaii,2025-12-20,2025-12-27,7,2025,88.0,76.99035530901946,0.13205120057219055
Hawaii,2025-12-27,2026-01-03,8,2025,110.0,89.6380008297534,0.20265664099476677
Hawaii,2026-01-03,2026-01-10,9,2025,83.0,91.32981157204308,-0.09455027612946942
Hawaii,2026-01-10,2026-01-17,10,2025,50.0,74.83768166120194,-0.39676965594193936
Hawaii,2026-01-17,2026-01-24,11,2025,38.0,62.93267951350258,-0.4942690010117392
Kentucky,2025-11-01,2025-11-08,0,2025,22.0,12.503782620407245,0.5325243756275624
Kentucky,2025-11-08,2025-11-15,1,2025,25.0,19.685973136114953,0.22864069371725249
Kentucky,2025-11-15,2025-11-22,2,2025,28.0,28.164656143963796,-0.005661740126095438
Kentucky,2025-11-22,2025-11-29,3,2025,49.0,35.3684208728503,0.3183221657702511
Kentucky,2025-11-29,2025-12-06,4,2025,67.0,57.92007035104625,0.14332591957277963
Kentucky,2025-12-06,2025-12-13,5,2025,104.0,83.02301843917486,0.22286955981551237
Kentucky,2025-12-13,2025-12-20,6,2025,231.0,139.57385011220202,0.5010043974098011
Kentucky,2025-12-20,2025-12-27,7,2025,547.0,419.966300783033,0.2637225021154608
Kentucky,2025-12-27,2026-01-03,8,2025,630.0,794.3274392931386,-0.2314480406412871
Kentucky,2026-01-03,2026-01-10,9,2025,410.0,563.252095016008,-0.3169079141161095
Kentucky,2026-01-10,2026-01-17,10,2025,308.0,426.49679986874446,-0.32460552576390356
Kentucky,2026-01-17,2026-01-24,11,2025,226.0,271.74476312163017,-0.18358640676011717
Tennessee,2025-11-01,2025-11-08,0,2025,56.0,28.137172977668985,0.6710364869532817
Tennessee,2025-11-08,2025-11-15,1,2025,39.0,50.19659471623066,-0.24679356627105475
Tennessee,2025-11-15,2025-11-22,2,2025,57.00000000000001,44.00024498707691,0.2537750766336542
Tennessee,2025-11-22,2025-11-29,3,2025,61.0,44.415827874451736,0.3112737091598099
Tennessee,2025-11-29,2025-12-06,4,2025,104.0,68.07859749680487,0.4187153996791686
Tennessee,2025-12-06,2025-12-13,5,2025,166.0,117.7840135730458,0.3406869804264643
Tennessee,2025-12-13,2025-12-20,6,2025,346.0,201.23819594094715,0.5398785894150846
Tennessee,2025-12-20,2025-12-27,7,2025,861.0,381.5044777314312,0.812514910978221
Tennessee,2025-12-27,2026-01-03,8,2025,863.0,830.8993631684694,0.037861293029028076
Tennessee,2026-01-03,2026-01-10,9,2025,519.0,677.9085255518726,-0.2666575875437962
Tennessee,2026-01-10,2026-01-17,10,2025,315.0,557.3574966341484,-0.5692572186213969
Tennessee,2026-01-17,2026-01-24,11,2025,242.0,562.5570000362284,-0.8412070385927777
Idaho,2025-11-01,2025-11-08,0,2025,20.0,5.531342338801437,1.167909950659973
Idaho,2025-11-08,2025-11-15,1,2025,11.0,24.686048945259003,-0.7610413521238621
Idaho,2025-11-15,2025-11-22,2,2025,27.0,15.396238661073024,0.5351525515843409
Idaho,2025-11-22,2025-11-29,3,2025,29.0,30.701975049249988,-0.05518160167298536
Idaho,2025-11-29,2025-12-06,4,2025,45.0,37.31166321625227,0.1828870240425431
Idaho,2025-12-06,2025-12-13,5,2025,35.0,51.81618560096011,-0.38329875075337183
Idaho,2025-12-13,2025-12-20,6,2025,102.0,45.83361763055434,0.7881277177390742
Idaho,2025-12-20,2025-12-27,7,2025,223.0,145.94040625333247,0.42161894691014634
Idaho,2025-12-27,2026-01-03,8,2025,235.0,199.16393156585062,0.16469511638435286
Idaho,2026-01-03,2026-01-10,9,2025,157.0,150.08638030663238,0.04474330476232513
Idaho,2026-01-10,2026-01-17,10,2025,119.0,134.00295382137116,-0.1178049155753218
Idaho,2026-01-17,2026-01-24,11,2025,77.0,114.99349340603568,-0.39682527151631675
Puerto Rico,2025-11-01,2025-11-08,0,2025,92.0,67.84980504292675,0.300672099603128
Puerto Rico,2025-11-08,2025-11-15,1,2025,121.0,95.13035674059759,0.23831589163986955
Puerto Rico,2025-11-15,2025-11-22,2,2025,154.0,93.84028256169752,0.4912308763749671
Puerto Rico,2025-11-22,2025-11-29,3,2025,173.0,149.4861405321166,0.14518430875369326
Puerto Rico,2025-11-29,2025-12-06,4,2025,256.0,166.9801395751625,0.4252303292946289
Puerto Rico,2025-12-06,2025-12-13,5,2025,212.0,238.3771384912136,-0.11674812783033683
Puerto Rico,2025-12-13,2025-12-20,6,2025,244.0,262.2653221557722,-0.07190414259617839
Puerto Rico,2025-12-20,2025-12-27,7,2025,359.0,205.66891974926443,0.5549859401259853
Puerto Rico,2025-12-27,2026-01-03,8,2025,383.0,417.3898125290762,-0.08577101122667852
Puerto Rico,2026-01-03,2026-01-10,9,2025,335.0,555.2985919628508,-0.5041940260396123
Puerto Rico,2026-01-10,2026-01-17,10,2025,295.0,537.5752029414065,-0.598567685152144
Puerto Rico,2026-01-17,2026-01-24,11,2025,225.0,326.81600054199333,-0.3719174777497605
Rhode Island,2025-11-01,2025-11-08,0,2025,4.0,0.5698210837309969,1.1584762589747584
Rhode Island,2025-11-08,2025-11-15,1,2025,6.0,2.5642218863476645,0.6749643837113724
Rhode Island,2025-11-15,2025-11-22,2,2025,3.999999999999999,6.653418321158381,-0.4257144749684725
Rhode Island,2025-11-22,2025-11-29,3,2025,13.0,3.204543087043537,1.2028917015368905
Rhode Island,2025-11-29,2025-12-06,4,2025,27.0,16.523059412164265,0.4686868159299724
Rhode Island,2025-12-06,2025-12-13,5,2025,70.0,24.43209061706058,1.0266680903273113
Rhode Island,2025-12-13,2025-12-20,6,2025,127.0,71.67267264591696,0.56606484212345
Rhode Island,2025-12-20,2025-12-27,7,2025,183.0,85.71655637588083,0.752290930393821
Rhode Island,2025-12-27,2026-01-03,8,2025,267.0,122.11772325432707,0.7778459832375759
Rhode Island,2026-01-03,2026-01-10,9,2025,145.0,167.88063477847635,-0.14558554057926187
Rhode Island,2026-01-10,2026-01-17,10,2025,70.99999999999999,158.25502721660092,-0.7938407430170829
Rhode Island,2026-01-17,2026-01-24,11,2025,50.0,104.13077890454612,-0.723379455801497
West Virginia,2025-11-01,2025-11-08,0,2025,2.0,0.20685306684700283,0.9105960881410471
West Virginia,2025-11-08,2025-11-15,1,2025,0.0,1.6758670638725333,-0.984273463854352
West Virginia,2025-11-15,2025-11-22,2,2025,2.0,2.167673631684699,-0.054385159675566896
West Virginia,2025-11-22,2025-11-29,3,2025,10.0,2.2496046277191124,1.219361936866556
West Virginia,2025-11-29,2025-12-06,4,2025,19.0,8.3635539090252,0.7589073639937576
West Virginia,2025-12-06,2025-12-13,5,2025,26.0,19.84815758467766,0.2585712869072343
West Virginia,2025-12-13,2025-12-20,6,2025,65.0,30.847073261165082,0.7287092555597163
West Virginia,2025-12-20,2025-12-27,7,2025,192.0,97.89650964115111,0.6686162426972588
West Virginia,2025-12-27,2026-01-03,8,2025,227.0,228.33636861847376,-0.005844155478180291
West Virginia,2026-01-03,2026-01-10,9,2025,203.0,183.46106730057323,0.10068156997199207
West Virginia,2026-01-10,2026-01-17,10,2025,106.0,281.11758147404214,-0.9694951051560938
West Virginia,2026-01-17,2026-01-24,11,2025,156.0,57.16584258996758,0.9929475199820166
Washington,2025-11-01,2025-11-08,0,2025,13.000000000000002,19.41478815719442,-0.3772022182812025
Washington,2025-11-08,2025-11-15,1,2025,19.0,16.606364605485826,0.127471811568864
Washington,2025-11-15,2025-11-22,2,2025,37.00000000000001,27.025700296709083,0.304464202794581
Washington,2025-11-22,2025-11-29,3,2025,36.0,34.48186392360489,0.04189622209556054
Washington,2025-11-29,2025-12-06,4,2025,61.0,34.07986313747022,0.5695071189891356
Washington,2025-12-06,2025-12-13,5,2025,59.0,86.72674943466556,-0.3798823013072745
Washington,2025-12-13,2025-12-20,6,2025,116.0,84.37521554195932,0.3151180922603922
Washington,2025-12-20,2025-12-27,7,2025,164.0,171.77531213878473,-0.046046502695328506
Washington,2025-12-27,2026-01-03,8,2025,250.0,180.81086490223055,0.32248599623557617
Washington,2026-01-03,2026-01-10,9,2025,261.0,266.1765282088809,-0.019565090513287586
Washington,2026-01-10,2026-01-17,10,2025,206.0,271.8802412946842,-0.2763142290966245
Washington,2026-01-17,2026-01-24,11,2025,241.0,213.92611600014737,0.11864340359995929
Minnesota,2025-11-01,2025-11-08,0,2025,9.0,11.273119007003798,-0.20482633122580785
Minnesota,2025-11-08,2025-11-15,1,2025,17.0,10.854402080276916,0.417672475730289
Minnesota,2025-11-15,2025-11-22,2,2025,34.0,29.58755059221651,0.13475497870592257
Minnesota,2025-11-22,2025-11-29,3,2025,74.0,34.98596784117426,0.7343590332546275
Minnesota,2025-11-29,2025-12-06,4,2025,100.0,91.84443063115658,0.08419521327390989
Minnesota,2025-12-06,2025-12-13,5,2025,257.0,117.45962599259602,0.7783873913241441
Minnesota,2025-12-13,2025-12-20,6,2025,540.0,386.0000518015821,0.33499445196249056
Minnesota,2025-12-20,2025-12-27,7,2025,943.0,682.2307238880899,0.3232935541200934
Minnesota,2025-12-27,2026-01-03,8,2025,1062.0,839.0750860221681,0.2353591023778403
Minnesota,2026-01-03,2026-01-10,9,2025,698.0,774.2705412076429,-0.10356131163261129
Minnesota,2026-01-10,2026-01-17,10,2025,417.0,737.9712486423149,-0.569777581905182
Minnesota,2026-01-17,2026-01-24,11,2025,341.0,532.7507403182602,-0.4451182144924015
Georgia,2025-11-01,2025-11-08,0,2025,47.0,30.06312319365434,0.4351796446799212
Georgia,2025-11-08,2025-11-15,1,2025,62.0,53.8847558758363,0.1378990871835022
Georgia,2025-11-15,2025-11-22,2,2025,106.0,58.89557208273294,0.5802262538970124
Georgia,2025-11-22,2025-11-29,3,2025,163.0,113.42604093358379,0.359937744244081
Georgia,2025-11-29,2025-12-06,4,2025,178.0,174.7188250217975,0.01850067340589856
Georgia,2025-12-06,2025-12-13,5,2025,329.0,225.93140079921503,0.37444488177288004
Georgia,2025-12-13,2025-12-20,6,2025,667.0,509.7804691313191,0.26834828595241955
Georgia,2025-12-20,2025-12-27,7,2025,1391.0,928.6264415620977,0.40371401118005235
Georgia,2025-12-27,2026-01-03,8,2025,1298.0,1148.2046355601067,0.12252465584569716
Georgia,2026-01-03,2026-01-10,9,2025,688.0,1097.460296478559,-0.4664234767609665
Georgia,2026-01-10,2026-01-17,10,2025,342.0,948.3824108189134,-1.0180812321511699
Georgia,2026-01-17,2026-01-24,11,2025,241.0,406.7725744457489,-0.5217718772595132
Massachusetts,2025-11-01,2025-11-08,0,2025,20.0,16.15192552358835,0.20241199498599594
Massachusetts,2025-11-08,2025-11-15,1,2025,36.0,19.556229037010212,0.5877539014761868
Massachusetts,2025-11-15,2025-11-22,2,2025,50.0,46.36630517752172,0.07391451803866289
Massachusetts,2025-11-22,2025-11-29,3,2025,72.0,53.65609155736788,0.2893987678269294
Massachusetts,2025-11-29,2025-12-06,4,2025,129.0,73.32302426201036,0.5591136643396686
Massachusetts,2025-12-06,2025-12-13,5,2025,220.0,177.5261836652798,0.21342742385512725
Massachusetts,2025-12-13,2025-12-20,6,2025,455.0,275.534319143326,0.5001578763868668
Massachusetts,2025-12-20,2025-12-27,7,2025,878.0,568.0719236551673,0.43477806793521623
Massachusetts,2025-12-27,2026-01-03,8,2025,1197.0,1023.7176478979883,0.15623639051584348
Massachusetts,2026-01-03,2026-01-10,9,2025,856.0,1158.1772547585642,-0.3020278507173657
Massachusetts,2026-01-10,2026-01-17,10,2025,479.0,1041.154870960053,-0.7752597359277571
Massachusetts,2026-01-17,2026-01-24,11,2025,240.0,464.78957233792977,-0.6589370371438026
Texas,2025-11-01,2025-11-08,0,2025,224.0,191.36162272467988,0.15672334995676263
Texas,2025-11-08,2025-11-15,1,2025,288.0,215.48844689755526,0.28888950515353784
Texas,2025-11-15,2025-11-22,2,2025,426.0,323.985546610896,0.2730033038542681
Texas,2025-11-22,2025-11-29,3,2025,565.0,452.25545614028294,0.22213819082427744
Texas,2025-11-29,2025-12-06,4,2025,666.0,632.542598022625,0.05146280607472331
Texas,2025-12-06,2025-12-13,5,2025,916.0,844.9123145625695,0.0806917651111334
Texas,2025-12-13,2025-12-20,6,2025,1602.0,1048.4282694204537,0.4236313630686901
Texas,2025-12-20,2025-12-27,7,2025,2722.0,1263.0076697080806,0.7674468501783398
Texas,2025-12-27,2026-01-03,8,2025,2299.0,2390.0102358048507,-0.038806846504254366
Texas,2026-01-03,2026-01-10,9,2025,1754.0,2116.0781015636603,-0.18756802712106424
Texas,2026-01-10,2026-01-17,10,2025,1143.0,2369.4491722351686,-0.7285485683818607
Texas,2026-01-17,2026-01-24,11,2025,1041.0,1514.6522936553301,-0.3747039598353501
Michigan,2025-11-01,2025-11-08,0,2025,27.0,23.831459346425945,0.12009313886527107
Michigan,2025-11-08,2025-11-15,1,2025,44.0,26.638710624399025,0.48744514085912405
Michigan,2025-11-15,2025-11-22,2,2025,53.0,48.55007059753282,0.08600036101567365
Michigan,2025-11-22,2025-11-29,3,2025,71.0,61.88994133632854,0.13527988325916152
Michigan,2025-11-29,2025-12-06,4,2025,85.0,94.84426244792385,-0.10837731174824494
Michigan,2025-12-06,2025-12-13,5,2025,196.0,121.61361268172845,0.47416567810656307
Michigan,2025-12-13,2025-12-20,6,2025,426.0,245.66786564496624,0.5487412549874966
Michigan,2025-12-20,2025-12-27,7,2025,807.0,534.0802979955695,0.4121452331760773
Michigan,2025-12-27,2026-01-03,8,2025,1162.0,759.1273464256851,0.42527217218865054
Michigan,2026-01-03,2026-01-10,9,2025,825.0,1306.1176525420756,-0.45898495329912326
Michigan,2026-01-10,2026-01-17,10,2025,462.0,941.1047134480813,-0.7103893750851382
Michigan,2026-01-17,2026-01-24,11,2025,336.0,606.9492178256173,-0.5900084248124102
Oregon,2025-11-01,2025-11-08,0,2025,9.0,4.930961732803555,0.5223987122230906
Oregon,2025-11-08,2025-11-15,1,2025,12.0,9.149230398698174,0.24755147763679064
Oregon,2025-11-15,2025-11-22,2,2025,20.0,20.86979682339647,-0.04058410672532142
Oregon,2025-11-22,2025-11-29,3,2025,29.0,21.86533664492366,0.2715753015061959
Oregon,2025-11-29,2025-12-06,4,2025,38.0,31.56804151621075,0.18023016017509086
Oregon,2025-12-06,2025-12-13,5,2025,33.0,54.12837998905109,-0.4833041222652854
Oregon,2025-12-13,2025-12-20,6,2025,53.0,40.667118470639174,0.2592717546935308
Oregon,2025-12-20,2025-12-27,7,2025,130.0,50.867422121074995,0.9265064349146868
Oregon,2025-12-27,2026-01-03,8,2025,189.0,175.14343255700857,0.07572545130978359
Oregon,2026-01-03,2026-01-10,9,2025,157.0,204.9240174699162,-0.2649122204883252
Oregon,2026-01-10,2026-01-17,10,2025,195.0,153.63859643167416,0.23702390073173163
Oregon,2026-01-17,2026-01-24,11,2025,136.0,185.55345315435508,-0.3087368842780416
Missouri,2025-11-01,2025-11-08,0,2025,28.0,34.02706126000427,-0.18882511161141258
Missouri,2025-11-08,2025-11-15,1,2025,27.0,25.10256254759215,0.07017101876600096
Missouri,2025-11-15,2025-11-22,2,2025,29.0,30.198684051547133,-0.03917853442874364
Missouri,2025-11-22,2025-11-29,3,2025,41.0,30.65267654636867,0.2828469062429062
Missouri,2025-11-29,2025-12-06,4,2025,70.0,45.94292796749455,0.4137473117530841
Missouri,2025-12-06,2025-12-13,5,2025,102.0,75.80280807126888,0.29348778531645525
Missouri,2025-12-13,2025-12-20,6,2025,226.0,150.3118916238468,0.4056068034514526
Missouri,2025-12-20,2025-12-27,7,2025,605.0,441.0223994337534,0.31551942782374365
Missouri,2025-12-27,2026-01-03,8,2025,736.0,812.1716479619892,-0.09835432417839929
Missouri,2026-01-03,2026-01-10,9,2025,519.0,759.7219797787009,-0.380439144158772
Missouri,2026-01-10,2026-01-17,10,2025,318.99999999999994,484.7796040320207,-0.4174340356031463
Missouri,2026-01-17,2026-01-24,11,2025,331.0,363.80100673360204,-0.09421704896628924
North Carolina,2025-11-01,2025-11-08,0,2025,43.00000000000001,36.0476391146323,0.17198500580884035
North Carolina,2025-11-08,2025-11-15,1,2025,174.0,38.584319764747036,1.486352899614824
North Carolina,2025-11-15,2025-11-22,2,2025,115.0,196.26371125119772,-0.5309512782503987
North Carolina,2025-11-22,2025-11-29,3,2025,159.0,117.66513642096254,0.2988682684620185
North Carolina,2025-11-29,2025-12-06,4,2025,305.0,155.95313244656487,0.6676378606185045
North Carolina,2025-12-06,2025-12-13,5,2025,525.0,416.3699067246763,0.23132831766383077
North Carolina,2025-12-13,2025-12-20,6,2025,1201.0,640.5218119067226,0.6278989302040552
North Carolina,2025-12-20,2025-12-27,7,2025,2461.0,991.3625684261641,0.9086407738705056
North Carolina,2025-12-27,2026-01-03,8,2025,2374.0,1540.8577397806316,0.4320094235530023
North Carolina,2026-01-03,2026-01-10,9,2025,1360.0,1583.2964762438176,-0.15192072155475334
North Carolina,2026-01-10,2026-01-17,10,2025,617.0000000000001,1343.5415873683587,-0.7773199492480245
North Carolina,2026-01-17,2026-01-24,11,2025,473.0,971.8459877028156,-0.7190184619426576
Vermont,2025-11-01,2025-11-08,0,2025,3.999999999999999,0.9327966508084459,0.9504699164957208
Vermont,2025-11-08,2025-11-15,1,2025,3.0,2.581858517258731,0.11041255651417425
Vermont,2025-11-15,2025-11-22,2,2025,1.6653345369377348e-16,2.580268789586437,-1.275437878484246
Vermont,2025-11-22,2025-11-29,3,2025,0.0,1.7535039877787133,-1.012874277977463
Vermont,2025-11-29,2025-12-06,4,2025,4.999999999999999,1.2011793415140106,1.0027661881703864
Vermont,2025-12-06,2025-12-13,5,2025,9.0,6.174978122494121,0.33198538048274884
Vermont,2025-12-13,2025-12-20,6,2025,13.0,10.149273806777572,0.22768296326713378
Vermont,2025-12-20,2025-12-27,7,2025,43.0,13.551673507299439,1.106483629230976
Vermont,2025-12-27,2026-01-03,8,2025,58.0,47.28118351128932,0.20049553448700275
Vermont,2026-01-03,2026-01-10,9,2025,48.0,70.61130115967816,-0.3794326008266302
Vermont,2026-01-10,2026-01-17,10,2025,34.0,53.343105650389326,-0.4399696930727437
Vermont,2026-01-17,2026-01-24,11,2025,22.0,40.777857901085014,-0.5968722679678065
Utah,2025-11-01,2025-11-08,0,2025,2.0000000000000004,1.2505120856516778,0.28745450472431266
Utah,2025-11-08,2025-11-15,1,2025,11.0,1.12034516181898,1.6
Utah,2025-11-15,2025-11-22,2,2025,15.0,10.629397332857398,0.3190525770985686
Utah,2025-11-22,2025-11-29,3,2025,32.0,15.636309024204564,0.6849199641269044
Utah,2025-11-29,2025-12-06,4,2025,47.0,26.420024484928632,0.5599274438153823
Utah,2025-12-06,2025-12-13,5,2025,64.0,48.17297093738832,0.2790431685483128
Utah,2025-12-13,2025-12-20,6,2025,130.0,67.38081593922429,0.6501050066361458
Utah,2025-12-20,2025-12-27,7,2025,234.0,161.40675707996314,0.3694814796469137
Utah,2025-12-27,2026-01-03,8,2025,262.0,242.382365719029,0.07752030404751764
Utah,2026-01-03,2026-01-10,9,2025,160.0,248.88248926005664,-0.4395863994131881
Utah,2026-01-10,2026-01-17,10,2025,93.0,202.61937857515846,-0.772957677519301
Utah,2026-01-17,2026-01-24,11,2025,21.0,102.22842932737956,-1.545901839730539
Montana,2025-11-01,2025-11-08,0,2025,1.0,2.5550393187708136,-0.5752189427665332
Montana,2025-11-08,2025-11-15,1,2025,7.0,2.1022310788879017,0.9473199861835835
Montana,2025-11-15,2025-11-22,2,2025,4.000000000000001,8.496891323158213,-0.641526603480016
Montana,2025-11-22,2025-11-29,3,2025,13.0,5.963216026799904,0.6984158891756211
Montana,2025-11-29,2025-12-06,4,2025,15.999999999999998,11.131777359166879,0.3373851059341386
Montana,2025-12-06,2025-12-13,5,2025,24.0,12.78227841593405,0.5954922307198705
Montana,2025-12-13,2025-12-20,6,2025,39.99999999999999,28.8928158812928,0.315953886706164
Montana,2025-12-20,2025-12-27,7,2025,122.0,37.67287707231812,1.157045851891938
Montana,2025-12-27,2026-01-03,8,2025,151.0,88.72410608051764,0.527141046743064
Montana,2026-01-03,2026-01-10,9,2025,121.0,122.56207110507272,-0.012722585114753215
Montana,2026-01-10,2026-01-17,10,2025,81.0,125.40604797875416,-0.4327800812370093
Montana,2026-01-17,2026-01-24,11,2025,48.0,131.01168505418153,-0.9910701436955418
Louisiana,2025-11-01,2025-11-08,0,2025,82.00000000000001,45.83247665342893,0.5722636999558128
Louisiana,2025-11-08,2025-11-15,1,2025,107.0,106.61387611785736,0.0035816275080531312
Louisiana,2025-11-15,2025-11-22,2,2025,117.0,114.03431384144966,0.02545415937924389
Louisiana,2025-11-22,2025-11-29,3,2025,113.0,107.8430117441557,0.04629186356354609
Louisiana,2025-11-29,2025-12-06,4,2025,180.0,110.54011466511824,0.48411273228703156
Louisiana,2025-12-06,2025-12-13,5,2025,248.0,207.04512813369524,0.17969787811505267
Louisiana,2025-12-13,2025-12-20,6,2025,433.0,327.5385919709905,0.2783902237121545
Louisiana,2025-12-20,2025-12-27,7,2025,688.0,535.7221328190531,0.2497607539648401
Louisiana,2025-12-27,2026-01-03,8,2025,662.0,623.3906282055499,0.059998810937254454
Louisiana,2026-01-03,2026-01-10,9,2025,438.0,551.1245358433346,-0.2292742161680108
Louisiana,2026-01-10,2026-01-17,10,2025,295.00000000000006,515.1358889008302,-0.5560106270698277
Louisiana,2026-01-17,2026-01-24,11,2025,293.0,336.5658581515634,-0.1381808592013858
Wyoming,2025-11-01,2025-11-08,0,2025,2.000000000000001,5.190122092108792,-0.7243425219225352
Wyoming,2025-11-08,2025-11-15,1,2025,6.0,2.090282448448412,0.8176476550581904
Wyoming,2025-11-15,2025-11-22,2,2025,2.0,7.570210823995429,-1.0496800438718366
Wyoming,2025-11-22,2025-11-29,3,2025,10.0,5.340646304732655,0.5509145687352803
Wyoming,2025-11-29,2025-12-06,4,2025,10.0,8.05529678308859,0.19454540639672402
Wyoming,2025-12-06,2025-12-13,5,2025,21.0,14.57195822150591,0.34557070653780597
Wyoming,2025-12-13,2025-12-20,6,2025,29.0,26.126573130220176,0.10068357589905652
Wyoming,2025-12-20,2025-12-27,7,2025,57.0,39.33121568523384,0.363317258668042
Wyoming,2025-12-27,2026-01-03,8,2025,58.0,76.41851373191449,-0.2716885035900498
Wyoming,2026-01-03,2026-01-10,9,2025,56.0,75.78776093301275,-0.2979939967680716
Wyoming,2026-01-10,2026-01-17,10,2025,26.0,66.16602845408713,-0.9113307247448938
Wyoming,2026-01-17,2026-01-24,11,2025,14.0,51.43949576453268,-1.2516098422728548
South Dakota,2025-11-01,2025-11-08,0,2025,0.0,1.505579167390881,-0.9185199123604336
South Dakota,2025-11-08,2025-11-15,1,2025,1.0,1.3647739085869575,-0.16753523790793523
South Dakota,2025-11-15,2025-11-22,2,2025,3.0,2.6993309451398915,0.07814238345850577
South Dakota,2025-11-22,2025-11-29,3,2025,1.0,4.2730180145292085,-0.9694556963544857
South Dakota,2025-11-29,2025-12-06,4,2025,4.999999999999999,3.0023154017652955,0.40488642513613393
South Dakota,2025-12-06,2025-12-13,5,2025,10.0,6.649003360967781,0.3633199130591067
South Dakota,2025-12-13,2025-12-20,6,2025,22.0,10.528736163288794,0.6906515005538774
South Dakota,2025-12-20,2025-12-27,7,2025,56.0,24.456344740883182,0.8060862537128441
South Dakota,2025-12-27,2026-01-03,8,2025,106.0,72.16902355784471,0.38005667849791447
South Dakota,2026-01-03,2026-01-10,9,2025,58.0,109.490337332317,-0.6273906282721473
South Dakota,2026-01-10,2026-01-17,10,2025,38.0,70.28406014007001,-0.6031110958494157
South Dakota,2026-01-17,2026-01-24,11,2025,35.0,46.394146676771534,-0.27497979478784673
US,2025-11-01,2025-11-08,0,2025,1765.0,1562.6363216432167,0.12170301801681394
US,2025-11-08,2025-11-15,1,2025,2397.0,1886.1444375427504,0.23957024967033647
US,2025-11-15,2025-11-22,2,2025,3498.0,2686.4736851708635,0.26387561154403816
US,2025-11-22,2025-11-29,3,2025,5093.0,3365.792608045071,0.41410283374761647
US,2025-11-29,2025-12-06,4,2025,7350.0,5694.499713075378,0.2551600194115462
US,2025-12-06,2025-12-13,5,2025,10988.0,9846.355877145153,0.10969179218546365
US,2025-12-13,2025-12-20,6,2025,20791.0,13187.576562145374,0.4552172543906643
US,2025-12-20,2025-12-27,7,2025,36919.0,23750.35525222081,0.4411138175306437
US,2025-12-27,2026-01-03,8,2025,41792.0,37369.70651935805,0.1118417120163091
US,2026-01-03,2026-01-10,9,2025,29360.0,38735.24490349431,-0.2771084594383115
US,2026-01-10,2026-01-17,10,2025,18893.0,39046.78488159145,-0.7259417381464992
US,2026-01-17,2026-01-24,11,2025,13590.0,29386.574259554232,-0.7711641317993294
Connecticut,2025-11-01,2025-11-08,0,2025,16.0,7.554202793528901,0.6867906270823294
Connecticut,2025-11-08,2025-11-15,1,2025,11.0,20.36957517710721,-0.5770615399400865
Connecticut,2025-11-15,2025-11-22,2,2025,30.0,14.830081375979969,0.672075189987626
Connecticut,2025-11-22,2025-11-29,3,2025,74.0,33.3284024124156,0.7815150433448443
Connecticut,2025-11-29,2025-12-06,4,2025,125.0,96.53440664850936,0.2560767024955899
Connecticut,2025-12-06,2025-12-13,5,2025,206.0,209.70643534731383,-0.01774706978036722
Connecticut,2025-12-13,2025-12-20,6,2025,447.0,248.46898818937188,0.5854586207829602
Connecticut,2025-12-20,2025-12-27,7,2025,652.0,336.8693769297482,0.6589177672755815
Connecticut,2025-12-27,2026-01-03,8,2025,777.0,385.75130120205984,0.698944670278232
Connecticut,2026-01-03,2026-01-10,9,2025,476.0,580.5062222340546,-0.19810518132964638
Connecticut,2026-01-10,2026-01-17,10,2025,240.0,473.0932889792395,-0.6766071810319314
Connecticut,2026-01-17,2026-01-24,11,2025,117.0,302.53955535454367,-0.944827308199061
Virginia,2025-11-01,2025-11-08,0,2025,30.000000000000004,17.40147317391592,0.5215564792753629
Virginia,2025-11-08,2025-11-15,1,2025,34.0,33.381614314469644,0.017826107591408125
Virginia,2025-11-15,2025-11-22,2,2025,62.0,45.403975538125025,0.30574959112864875
Virginia,2025-11-22,2025-11-29,3,2025,92.0,72.33920022186851,0.23750423564359568
Virginia,2025-11-29,2025-12-06,4,2025,167.0,94.95856582665084,0.560047487076476
Virginia,2025-12-06,2025-12-13,5,2025,195.0,322.0699488627386,-0.4997542004929789
Virginia,2025-12-13,2025-12-20,6,2025,357.0,293.4588732848963,0.19539364234820766
Virginia,2025-12-20,2025-12-27,7,2025,843.0,487.7480528386387,0.5463053672661822
Virginia,2025-12-27,2026-01-03,8,2025,1141.0,679.1161343207643,0.5182728208622018
Virginia,2026-01-03,2026-01-10,9,2025,857.0,892.6674389855533,-0.04072961429311306
Virginia,2026-01-10,2026-01-17,10,2025,455.0,745.2208066624836,-0.49252873437694333
Virginia,2026-01-17,2026-01-24,11,2025,380.0,545.3513891945765,-0.36046296356930707
Oklahoma,2025-11-01,2025-11-08,0,2025,18.0,14.14059809435415,0.22705922768680553
Oklahoma,2025-11-08,2025-11-15,1,2025,9.0,27.48981745193215,-1.0469616480516541
Oklahoma,2025-11-15,2025-11-22,2,2025,14.0,11.995176670767265,0.14347193781319412
Oklahoma,2025-11-22,2025-11-29,3,2025,21.0,11.085285361759148,0.599053826593015
Oklahoma,2025-11-29,2025-12-06,4,2025,25.0,17.954918580725966,0.31603308446067
Oklahoma,2025-12-06,2025-12-13,5,2025,53.0,26.527729968586534,0.6737901874536449
Oklahoma,2025-12-13,2025-12-20,6,2025,87.0,52.090368841190255,0.5053412804366104
Oklahoma,2025-12-20,2025-12-27,7,2025,201.0,128.30819801494596,0.446069010578789
Oklahoma,2025-12-27,2026-01-03,8,2025,214.0,291.67152788501863,-0.3084128867868836
Oklahoma,2026-01-03,2026-01-10,9,2025,127.0,224.03904244109387,-0.5642436451920263
Oklahoma,2026-01-10,2026-01-17,10,2025,138.0,163.37629360254192,-0.16768433959572082
Oklahoma,2026-01-17,2026-01-24,11,2025,128.0,137.86333010911648,-0.07367780844974448
Alabama,2025-11-01,2025-11-08,0,2025,18.0,14.459615997980773,0.2062077747386204
Alabama,2025-11-08,2025-11-15,1,2025,31.0,18.7597687188342,0.4820879150609425
Alabama,2025-11-15,2025-11-22,2,2025,37.0,22.614271721149173,0.47573489652571155
Alabama,2025-11-22,2025-11-29,3,2025,46.0,31.28012581090858,0.3756958608280314
Alabama,2025-11-29,2025-12-06,4,2025,67.0,47.87623340265736,0.3302164513289987
Alabama,2025-12-06,2025-12-13,5,2025,104.0,86.72125583215575,0.1797961103382697
Alabama,2025-12-13,2025-12-20,6,2025,275.0,168.87443570194674,0.4853413150942041
Alabama,2025-12-20,2025-12-27,7,2025,498.0,367.72940698973855,0.30254303510846103
Alabama,2025-12-27,2026-01-03,8,2025,495.0,483.13530184890857,0.024211509800309727
Alabama,2026-01-03,2026-01-10,9,2025,312.0,404.81551782332076,-0.2596954761976109
Alabama,2026-01-10,2026-01-17,10,2025,194.0,301.72807777235494,-0.43983541091691514
Alabama,2026-01-17,2026-01-24,11,2025,8.0,215.51880036281187,-1.6
Maine,2025-11-01,2025-11-08,0,2025,3.0,1.3222980675611247,0.5437371193464381
Maine,2025-11-08,2025-11-15,1,2025,4.0,1.8021858583021158,0.5790381361330097
Maine,2025-11-15,2025-11-22,2,2025,8.0,5.03671904020191,0.39936391824351025
Maine,2025-11-22,2025-11-29,3,2025,13.0,8.423948069383178,0.3958032131856437
Maine,2025-11-29,2025-12-06,4,2025,20.0,11.803966090726417,0.4947674639537074
Maine,2025-12-06,2025-12-13,5,2025,29.0,16.19165080988662,0.556773533726068
Maine,2025-12-13,2025-12-20,6,2025,75.0,32.11200050374232,0.8308375706266138
Maine,2025-12-20,2025-12-27,7,2025,141.0,81.73494065635211,0.5401850459315112
Maine,2025-12-27,2026-01-03,8,2025,239.0,144.1265848984798,0.5030325624638108
Maine,2026-01-03,2026-01-10,9,2025,159.0,194.6027357642233,-0.20091192879373843
Maine,2026-01-10,2026-01-17,10,2025,110.0,187.71210637196194,-0.5306924057183764
Maine,2026-01-17,2026-01-24,11,2025,62.0,141.59401091820348,-0.8168667815355892
North Dakota,2025-11-01,2025-11-08,0,2025,5.0,1.7302511407174133,0.7873658713254958
North Dakota,2025-11-08,2025-11-15,1,2025,1.0,3.5379009259310794,-0.8193173734595748
North Dakota,2025-11-15,2025-11-22,2,2025,2.000000000000001,2.4758951029050422,-0.14723974074948987
North Dakota,2025-11-22,2025-11-29,3,2025,10.0,3.9060693818764234,0.8074221848124972
North Dakota,2025-11-29,2025-12-06,4,2025,9.000000000000002,10.90595517511116,-0.17445361683095228
North Dakota,2025-12-06,2025-12-13,5,2025,22.0,10.927345016381077,0.6566605514112651
North Dakota,2025-12-13,2025-12-20,6,2025,55.0,37.49082510658791,0.37493178676128824
North Dakota,2025-12-20,2025-12-27,7,2025,104.0,57.06655037737167,0.5923705770951431
North Dakota,2025-12-27,2026-01-03,8,2025,159.0,90.56220479807673,0.558155240075946
North Dakota,2026-01-03,2026-01-10,9,2025,106.0,105.96663911994658,0.0003118325404454225
North Dakota,2026-01-10,2026-01-17,10,2025,120.0,101.25220183096053,0.168348217106554
North Dakota,2026-01-17,2026-01-24,11,2025,115.0,101.30968105654725,0.12558588864245301
New Mexico,2025-11-01,2025-11-08,0,2025,7.0,2.674274268782503,0.7780859063986723
New Mexico,2025-11-08,2025-11-15,1,2025,14.0,8.032764742515418,0.5071917074986776
New Mexico,2025-11-15,2025-11-22,2,2025,17.0,19.40827744784272,-0.12556881790398755
New Mexico,2025-11-22,2025-11-29,3,2025,39.0,22.900247705457765,0.5149906309850847
New Mexico,2025-11-29,2025-12-06,4,2025,35.0,52.61081643333475,-0.3982319083913204
New Mexico,2025-12-06,2025-12-13,5,2025,69.0,63.98383001985797,0.07435677202710611
New Mexico,2025-12-13,2025-12-20,6,2025,162.0,74.8882323803642,0.764488569527213
New Mexico,2025-12-20,2025-12-27,7,2025,382.0,161.32750065937796,0.8584190856413763
New Mexico,2025-12-27,2026-01-03,8,2025,399.0,292.4971131337246,0.30959674388914227
New Mexico,2026-01-03,2026-01-10,9,2025,241.0,326.5770467539625,-0.3027855585139765
New Mexico,2026-01-10,2026-01-17,10,2025,143.0,271.05006956970135,-0.6361728290798538
New Mexico,2026-01-17,2026-01-24,11,2025,129.0,176.42172113924417,-0.31099505352117784
Wisconsin,2025-11-01,2025-11-08,0,2025,6.0,10.95255003487783,-0.5350344985973494
Wisconsin,2025-11-08,2025-11-15,1,2025,7.0,8.053844735344025,-0.12374795845086428
Wisconsin,2025-11-15,2025-11-22,2,2025,19.0,15.070566542991687,0.21874283972832398
Wisconsin,2025-11-22,2025-11-29,3,2025,51.0,19.036862656894268,0.9536700086678196
Wisconsin,2025-11-29,2025-12-06,4,2025,84.0,75.07674731395518,0.11090859266404696
Wisconsin,2025-12-06,2025-12-13,5,2025,161.0,117.53786848992462,0.312363860391498
Wisconsin,2025-12-13,2025-12-20,6,2025,322.0,235.07804641546488,0.3134898677176663
Wisconsin,2025-12-20,2025-12-27,7,2025,757.0,346.28407827076626,0.780540271254293
Wisconsin,2025-12-27,2026-01-03,8,2025,1049.0,848.0224400446158,0.21245982604156133
Wisconsin,2026-01-03,2026-01-10,9,2025,720.0,947.8724980015663,-0.27463529824341215
Wisconsin,2026-01-10,2026-01-17,10,2025,443.0,899.7598578768038,-0.7074141312124773
Wisconsin,2026-01-17,2026-01-24,11,2025,330.0,574.1944516666035,-0.5525897850628825
Kansas,2025-11-01,2025-11-08,0,2025,6.000000000000001,11.993134252330224,-0.6185109344579724
Kansas,2025-11-08,2025-11-15,1,2025,10.0,9.348697144583625,0.061034640760887715
Kansas,2025-11-15,2025-11-22,2,2025,8.0,11.744300553630271,-0.34785957892549924
Kansas,2025-11-22,2025-11-29,3,2025,13.0,10.863591216127011,0.1655831811953088
Kansas,2025-11-29,2025-12-06,4,2025,22.0,16.42114942807543,0.27780926343960344
Kansas,2025-12-06,2025-12-13,5,2025,30.0,28.163028567511766,0.06108544239789104
Kansas,2025-12-13,2025-12-20,6,2025,101.0,34.10788641055053,1.0665470239888655
Kansas,2025-12-20,2025-12-27,7,2025,265.0,110.66204660914022,0.868019440130146
Kansas,2025-12-27,2026-01-03,8,2025,350.0,274.1727756784738,0.24338704788707677
Kansas,2026-01-03,2026-01-10,9,2025,266.0,316.05408931287667,-0.17182372966884696
Kansas,2026-01-10,2026-01-17,10,2025,185.0,251.20317575052457,-0.3044883419291553
Kansas,2026-01-17,2026-01-24,11,2025,165.0,184.4546070534804,-0.11082235783441252
Indiana,2025-11-01,2025-11-08,0,2025,22.0,24.378423363588716,-0.09840512321349104
Indiana,2025-11-08,2025-11-15,1,2025,41.0,22.198621833193137,0.5935767451172516
Indiana,2025-11-15,2025-11-22,2,2025,59.0,42.04055247261949,0.3322018101912092
Indiana,2025-11-22,2025-11-29,3,2025,86.0,79.88285137104181,0.07290629022350803
Indiana,2025-11-29,2025-12-06,4,2025,118.0,84.4929267175181,0.33068984904108234
Indiana,2025-12-06,2025-12-13,5,2025,163.0,145.93202529902834,0.10989636092307187
Indiana,2025-12-13,2025-12-20,6,2025,351.0,245.35912726112238,0.35684083732034644
Indiana,2025-12-20,2025-12-27,7,2025,699.0,510.20295148920087,0.314313658348075
Indiana,2025-12-27,2026-01-03,8,2025,906.0,449.9448691500482,0.6987973594369841
Indiana,2026-01-03,2026-01-10,9,2025,641.0,772.5709501249567,-0.1864290881992643
Indiana,2026-01-10,2026-01-17,10,2025,383.0,1003.0562696649758,-0.9611607915765017
Indiana,2026-01-17,2026-01-24,11,2025,214.0,645.4954510627861,-1.1009281338070371
Nebraska,2025-11-01,2025-11-08,0,2025,2.0,3.970537271753238,-0.504915648566181
Nebraska,2025-11-08,2025-11-15,1,2025,1.0,4.455458620330572,-1.003469508578942
Nebraska,2025-11-15,2025-11-22,2,2025,2.0,4.958205613131948,-0.6861570754558326
Nebraska,2025-11-22,2025-11-29,3,2025,13.0,4.381901604292916,0.9560155598461348
Nebraska,2025-11-29,2025-12-06,4,2025,13.999999999999998,16.9218054989142,-0.17796795465692572
Nebraska,2025-12-06,2025-12-13,5,2025,28.0,16.83554891854165,0.4861022340466805
Nebraska,2025-12-13,2025-12-20,6,2025,72.0,34.57076712604255,0.7189352887620926
Nebraska,2025-12-20,2025-12-27,7,2025,165.0,81.59411567130925,0.6980493492133535
Nebraska,2025-12-27,2026-01-03,8,2025,202.0,144.38343934438836,0.3338313176479364
Nebraska,2026-01-03,2026-01-10,9,2025,164.0,162.1440567392222,0.011311879724453355
Nebraska,2026-01-10,2026-01-17,10,2025,114.0,142.6904789537194,-0.22272940611553782
Nebraska,2026-01-17,2026-01-24,11,2025,129.0,108.33317419364259,0.17313458628655898
Colorado,2025-11-01,2025-11-08,0,2025,28.0,22.192506570954208,0.22346659611884867
Colorado,2025-11-08,2025-11-15,1,2025,46.0,31.587428828428123,0.3662210064673035
Colorado,2025-11-15,2025-11-22,2,2025,97.0,47.032279385469664,0.7130942065835879
Colorado,2025-11-22,2025-11-29,3,2025,149.0,107.58751432786539,0.3230788625625758
Colorado,2025-11-29,2025-12-06,4,2025,222.0,196.800082736784,0.1199149339865393
Colorado,2025-12-06,2025-12-13,5,2025,282.0,256.4240285085259,0.09472225598915696
Colorado,2025-12-13,2025-12-20,6,2025,517.0,344.5526490578908,0.40483022554428505
Colorado,2025-12-20,2025-12-27,7,2025,817.0,594.2581256053547,0.3178672005849643
Colorado,2025-12-27,2026-01-03,8,2025,830.0,651.633936189948,0.24161341053133079
Colorado,2026-01-03,2026-01-10,9,2025,473.0,559.8376754970781,-0.1682241934682116
Colorado,2026-01-10,2026-01-17,10,2025,269.99999999999994,458.95023920177323,-0.5289994871037136
Colorado,2026-01-17,2026-01-24,11,2025,136.0,380.4763847842913,-1.0240680220218357
Alaska,2025-11-01,2025-11-08,0,2025,2.999999999999999,0.48026962116475336,0.9940701134733121
Alaska,2025-11-08,2025-11-15,1,2025,0.0,2.7358866720346864,-1.317985185868685
Alaska,2025-11-15,2025-11-22,2,2025,3.0000000000000004,1.1326593941972511,0.6289246183021631
Alaska,2025-11-22,2025-11-29,3,2025,8.0,2.8062805999253215,0.8605720855032182
Alaska,2025-11-29,2025-12-06,4,2025,13.0,7.424181957184246,0.5079509551611778
Alaska,2025-12-06,2025-12-13,5,2025,13.0,12.69836843520181,0.021780596194268753
Alaska,2025-12-13,2025-12-20,6,2025,45.0,16.004534080602163,0.9951613773701777
Alaska,2025-12-20,2025-12-27,7,2025,84.0,40.12734582378304,0.7259780077237799
Alaska,2025-12-27,2026-01-03,8,2025,75.0,49.257557904426875,0.41357239859875694
Alaska,2026-01-03,2026-01-10,9,2025,46.0,48.279901614132825,-0.047368721046752604
Alaska,2026-01-10,2026-01-17,10,2025,34.0,44.062992705066534,-0.25271328731160425
Alaska,2026-01-17,2026-01-24,11,2025,16.0,28.798059585554142,-0.5612299327563761
New York,2025-11-01,2025-11-08,0,2025,78.0,51.23800988872483,0.4136374637695832
New York,2025-11-08,2025-11-15,1,2025,182.0,86.62108350479139,0.7364645045792466
New York,2025-11-15,2025-11-22,2,2025,351.0,234.40072876119783,0.4023418849347511
New York,2025-11-22,2025-11-29,3,2025,683.0,529.0719181993067,0.25494522556640486
New York,2025-11-29,2025-12-06,4,2025,1184.0,797.9556484120982,0.39419261821459717
New York,2025-12-06,2025-12-13,5,2025,1933.0,1468.0402716158053,0.2749810859089292
New York,2025-12-13,2025-12-20,6,2025,3173.0,2441.43771388525,0.2619960184627388
New York,2025-12-20,2025-12-27,7,2025,3866.0,2818.6335761835226,0.31587207364132297
New York,2025-12-27,2026-01-03,8,2025,3795.0,3072.654710145157,0.2110805678527452
New York,2026-01-03,2026-01-10,9,2025,2379.0,3192.20786469805,-0.2939255240550045
New York,2026-01-10,2026-01-17,10,2025,1178.0,2824.2808777131704,-0.8739411638399339
New York,2026-01-17,2026-01-24,11,2025,543.0,1588.0338017555132,-1.0719321917990854
California,2025-11-01,2025-11-08,0,2025,149.0,172.91702045716528,-0.1479429974438622
California,2025-11-08,2025-11-15,1,2025,149.0,194.8666760412338,-0.2667989093973393
California,2025-11-15,2025-11-22,2,2025,148.0,162.33057610895614,-0.09182991538304375
California,2025-11-22,2025-11-29,3,2025,217.0,151.2575231541175,0.35892174425653955
California,2025-11-29,2025-12-06,4,2025,262.0,237.21174246794143,0.09899407979678898
California,2025-12-06,2025-12-13,5,2025,421.0,381.2352324153926,0.0989691032879918
California,2025-12-13,2025-12-20,6,2025,716.0,581.9905342375332,0.20690489068019513
California,2025-12-20,2025-12-27,7,2025,1245.0,901.7066237112538,0.32229608940403764
California,2025-12-27,2026-01-03,8,2025,1554.0,1410.0016924679946,0.09717567328002463
California,2026-01-03,2026-01-10,9,2025,1481.0,1816.1120194274151,-0.20385591139788062
California,2026-01-10,2026-01-17,10,2025,1376.0,1205.5026824728318,0.1321813903151634
California,2026-01-17,2026-01-24,11,2025,1324.0,1128.3376974558776,0.1597811069887607
District of Columbia,2025-11-01,2025-11-08,0,2025,0.0,1.7652410586349268,-1.017127813320603
District of Columbia,2025-11-08,2025-11-15,1,2025,7.0,0.26957211942101256,1.6
District of Columbia,2025-11-15,2025-11-22,2,2025,13.0,6.081138899266958,0.6816225733680663
District of Columbia,2025-11-22,2025-11-29,3,2025,14.0,13.42435507244158,0.03913209872370649
District of Columbia,2025-11-29,2025-12-06,4,2025,26.0,11.730123065753517,0.7518657861012623
District of Columbia,2025-12-06,2025-12-13,5,2025,31.0,26.45707434581674,0.15311205053154886
District of Columbia,2025-12-13,2025-12-20,6,2025,47.0,19.75456498261413,0.8384347892653241
District of Columbia,2025-12-20,2025-12-27,7,2025,91.0,49.713891007798225,0.595588719604049
District of Columbia,2025-12-27,2026-01-03,8,2025,100.0,99.0469171406656,0.009481269473003984
District of Columbia,2026-01-03,2026-01-10,9,2025,71.0,131.66763816554868,-0.611180920429355
District of Columbia,2026-01-10,2026-01-17,10,2025,46.0,124.9348267351926,-0.985616923289065
District of Columbia,2026-01-17,2026-01-24,11,2025,25.0,83.12921343011988,-1.1742573340397882
Florida,2025-11-01,2025-11-08,0,2025,301.0,232.72106845198311,0.25629862819479055
Florida,2025-11-08,2025-11-15,1,2025,380.0,326.5434688992742,0.1511785993957373
Florida,2025-11-15,2025-11-22,2,2025,614.0,426.23366517329305,0.36429117902082364
Florida,2025-11-22,2025-11-29,3,2025,729.0,645.1976086226746,0.12193918143565163
Florida,2025-11-29,2025-12-06,4,2025,881.0,767.3628062329046,0.13793003045764163
Florida,2025-12-06,2025-12-13,5,2025,910.0,1054.0559425596687,-0.14680617336728208
Florida,2025-12-13,2025-12-20,6,2025,1533.0,1164.141443381596,0.27503621266909484
Florida,2025-12-20,2025-12-27,7,2025,2183.0,2360.6006336705145,-0.07818156586386316
Florida,2025-12-27,2026-01-03,8,2025,2595.0,2617.031151145623,-0.008450767408390902
Florida,2026-01-03,2026-01-10,9,2025,2458.0,2641.4087408656187,-0.07193613978165647
Florida,2026-01-10,2026-01-17,10,2025,1744.9999999999998,2622.730668655896,-0.4072697668780991
Florida,2026-01-17,2026-01-24,11,2025,972.0,2263.9233377057126,-0.8449121086707798
