reference_date,horizon,target,target_end_date,location,output_type,output_type_id,value
2026-01-10,3,wk inc flu hosp,2026-02-07,01,quantile,0.01,59.518937066353814
2026-01-10,3,wk inc flu hosp,2026-02-07,01,quantile,0.025,77.80941266340389
2026-01-10,3,wk inc flu hosp,2026-02-07,01,quantile,0.05,97.90427534201734
2026-01-10,3,wk inc flu hosp,2026-02-07,01,quantile,0.1,127.51007577373933
2026-01-10,3,wk inc flu hosp,2026-02-07,01,quantile,0.15,152.34335125153873
2026-01-10,3,wk inc flu hosp,2026-02-07,01,quantile,0.2,175.4597867916412
2026-01-10,3,wk inc flu hosp,2026-02-07,01,quantile,0.25,198.04984629439093
2026-01-10,3,wk inc flu hosp,2026-02-07,01,quantile,0.3,220.79069306540256
2026-01-10,3,wk inc flu hosp,2026-02-07,01,quantile,0.35,244.17639385190753
2026-01-10,3,wk inc flu hosp,2026-02-07,01,quantile,0.4,268.643172698494
2026-01-10,3,wk inc flu hosp,2026-02-07,01,quantile,0.45,294.63652033314855
2026-01-10,3,wk inc flu hosp,2026-02-07,01,quantile,0.5,322.662994212812
2026-01-10,3,wk inc flu hosp,2026-02-07,01,quantile,0.55,353.3463903064239
2026-01-10,3,wk inc flu hosp,2026-02-07,01,quantile,0.6,387.5050482622061
2026-01-10,3,wk inc flu hosp,2026-02-07,01,quantile,0.65,426.2749597829512
2026-01-10,3,wk inc flu hosp,2026-02-07,01,quantile,0.7,471.3270051368269
2026-01-10,3,wk inc flu hosp,2026-02-07,01,quantile,0.75,525.2889460756885
2026-01-10,3,wk inc flu hosp,2026-02-07,01,quantile,0.8,592.6634953917167
2026-01-10,3,wk inc flu hosp,2026-02-07,01,quantile,0.85,682.1579782742722
2026-01-10,3,wk inc flu hosp,2026-02-07,01,quantile,0.9,814.1713645180944
2026-01-10,3,wk inc flu hosp,2026-02-07,01,quantile,0.95,1058.183068280352
2026-01-10,3,wk inc flu hosp,2026-02-07,01,quantile,0.975,1328.2540863135796
2026-01-10,3,wk inc flu hosp,2026-02-07,01,quantile,0.99,1729.9909740804758
2026-01-10,3,wk inc flu hosp,2026-02-07,02,quantile,0.01,6.48426826283561
2026-01-10,3,wk inc flu hosp,2026-02-07,02,quantile,0.025,7.825771300799244
2026-01-10,3,wk inc flu hosp,2026-02-07,02,quantile,0.05,9.170340147666204
2026-01-10,3,wk inc flu hosp,2026-02-07,02,quantile,0.1,10.976681835454785
2026-01-10,3,wk inc flu hosp,2026-02-07,02,quantile,0.15,12.373361161397881
2026-01-10,3,wk inc flu hosp,2026-02-07,02,quantile,0.2,13.598666999292877
2026-01-10,3,wk inc flu hosp,2026-02-07,02,quantile,0.25,14.738963486908268
2026-01-10,3,wk inc flu hosp,2026-02-07,02,quantile,0.3,15.838695538598985
2026-01-10,3,wk inc flu hosp,2026-02-07,02,quantile,0.35,16.926240030343187
2026-01-10,3,wk inc flu hosp,2026-02-07,02,quantile,0.4,18.023091337740176
2026-01-10,3,wk inc flu hosp,2026-02-07,02,quantile,0.45,19.148143771251036
2026-01-10,3,wk inc flu hosp,2026-02-07,02,quantile,0.5,20.320302083195273
2026-01-10,3,wk inc flu hosp,2026-02-07,02,quantile,0.55,21.560653034811875
2026-01-10,3,wk inc flu hosp,2026-02-07,02,quantile,0.6,22.894921853048253
2026-01-10,3,wk inc flu hosp,2026-02-07,02,quantile,0.65,24.356978381930016
2026-01-10,3,wk inc flu hosp,2026-02-07,02,quantile,0.7,25.99468494318536
2026-01-10,3,wk inc flu hosp,2026-02-07,02,quantile,0.75,27.88089049172784
2026-01-10,3,wk inc flu hosp,2026-02-07,02,quantile,0.8,30.13676618150946
2026-01-10,3,wk inc flu hosp,2026-02-07,02,quantile,0.85,32.98960631010037
2026-01-10,3,wk inc flu hosp,2026-02-07,02,quantile,0.9,36.953356961781566
2026-01-10,3,wk inc flu hosp,2026-02-07,02,quantile,0.95,43.69420632140881
2026-01-10,3,wk inc flu hosp,2026-02-07,02,quantile,0.975,50.503179204013264
2026-01-10,3,wk inc flu hosp,2026-02-07,02,quantile,0.99,59.734765905689294
2026-01-10,3,wk inc flu hosp,2026-02-07,04,quantile,0.01,80.5655705770718
2026-01-10,3,wk inc flu hosp,2026-02-07,04,quantile,0.025,95.1856318682637
2026-01-10,3,wk inc flu hosp,2026-02-07,04,quantile,0.05,109.83910517031602
2026-01-10,3,wk inc flu hosp,2026-02-07,04,quantile,0.1,129.5251032194833
2026-01-10,3,wk inc flu hosp,2026-02-07,04,quantile,0.15,144.74649055262344
2026-01-10,3,wk inc flu hosp,2026-02-07,04,quantile,0.2,158.10020347277697
2026-01-10,3,wk inc flu hosp,2026-02-07,04,quantile,0.25,170.52746160584405
2026-01-10,3,wk inc flu hosp,2026-02-07,04,quantile,0.3,182.51263759472047
2026-01-10,3,wk inc flu hosp,2026-02-07,04,quantile,0.35,194.3649902739467
2026-01-10,3,wk inc flu hosp,2026-02-07,04,quantile,0.4,206.3187711359045
2026-01-10,3,wk inc flu hosp,2026-02-07,04,quantile,0.45,218.57989546306334
2026-01-10,3,wk inc flu hosp,2026-02-07,04,quantile,0.5,231.35439233607698
2026-01-10,3,wk inc flu hosp,2026-02-07,04,quantile,0.55,244.87207095628338
2026-01-10,3,wk inc flu hosp,2026-02-07,04,quantile,0.6,259.4132917731615
2026-01-10,3,wk inc flu hosp,2026-02-07,04,quantile,0.65,275.3471774659482
2026-01-10,3,wk inc flu hosp,2026-02-07,04,quantile,0.7,293.1953445031886
2026-01-10,3,wk inc flu hosp,2026-02-07,04,quantile,0.75,313.7517204092302
2026-01-10,3,wk inc flu hosp,2026-02-07,04,quantile,0.8,338.3368610437093
2026-01-10,3,wk inc flu hosp,2026-02-07,04,quantile,0.85,369.4278808577858
2026-01-10,3,wk inc flu hosp,2026-02-07,04,quantile,0.9,412.6259026517191
2026-01-10,3,wk inc flu hosp,2026-02-07,04,quantile,0.95,486.08949386507993
2026-01-10,3,wk inc flu hosp,2026-02-07,04,quantile,0.975,560.2955135732808
2026-01-10,3,wk inc flu hosp,2026-02-07,04,quantile,0.99,660.9038309411872
2026-01-10,3,wk inc flu hosp,2026-02-07,05,quantile,0.01,95.72885822793009
2026-01-10,3,wk inc flu hosp,2026-02-07,05,quantile,0.025,128.67336733049856
2026-01-10,3,wk inc flu hosp,2026-02-07,05,quantile,0.05,165.85194615966444
2026-01-10,3,wk inc flu hosp,2026-02-07,05,quantile,0.1,222.1286139722578
2026-01-10,3,wk inc flu hosp,2026-02-07,05,quantile,0.15,270.46759487532165
2026-01-10,3,wk inc flu hosp,2026-02-07,05,quantile,0.2,316.25073092243736
2026-01-10,3,wk inc flu hosp,2026-02-07,05,quantile,0.25,361.6352541217053
2026-01-10,3,wk inc flu hosp,2026-02-07,05,quantile,0.3,407.89926903634034
2026-01-10,3,wk inc flu hosp,2026-02-07,05,quantile,0.35,456.0225860557949
2026-01-10,3,wk inc flu hosp,2026-02-07,05,quantile,0.4,506.91364418954225
2026-01-10,3,wk inc flu hosp,2026-02-07,05,quantile,0.45,561.5387311223493
2026-01-10,3,wk inc flu hosp,2026-02-07,05,quantile,0.5,621.0304248537914
2026-01-10,3,wk inc flu hosp,2026-02-07,05,quantile,0.55,686.8137060390862
2026-01-10,3,wk inc flu hosp,2026-02-07,05,quantile,0.6,760.7866813977483
2026-01-10,3,wk inc flu hosp,2026-02-07,05,quantile,0.65,845.6142839525909
2026-01-10,3,wk inc flu hosp,2026-02-07,05,quantile,0.7,945.2522404494713
2026-01-10,3,wk inc flu hosp,2026-02-07,05,quantile,0.75,1065.9725158986664
2026-01-10,3,wk inc flu hosp,2026-02-07,05,quantile,0.8,1218.6090086814781
2026-01-10,3,wk inc flu hosp,2026-02-07,05,quantile,0.85,1424.2966348395719
2026-01-10,3,wk inc flu hosp,2026-02-07,05,quantile,0.9,1733.075439969771
2026-01-10,3,wk inc flu hosp,2026-02-07,05,quantile,0.95,2317.9531698571486
2026-01-10,3,wk inc flu hosp,2026-02-07,05,quantile,0.975,2982.81893991879
2026-01-10,3,wk inc flu hosp,2026-02-07,05,quantile,0.99,3999.0663352404413
2026-01-10,3,wk inc flu hosp,2026-02-07,06,quantile,0.01,426.0531393184146
2026-01-10,3,wk inc flu hosp,2026-02-07,06,quantile,0.025,502.5994446683119
2026-01-10,3,wk inc flu hosp,2026-02-07,06,quantile,0.05,579.3206853987617
2026-01-10,3,wk inc flu hosp,2026-02-07,06,quantile,0.1,682.3907333127805
2026-01-10,3,wk inc flu hosp,2026-02-07,06,quantile,0.15,762.0854034954262
2026-01-10,3,wk inc flu hosp,2026-02-07,06,quantile,0.2,832.0014843094491
2026-01-10,3,wk inc flu hosp,2026-02-07,06,quantile,0.25,897.0669225979227
2026-01-10,3,wk inc flu hosp,2026-02-07,06,quantile,0.3,959.8177498786199
2026-01-10,3,wk inc flu hosp,2026-02-07,06,quantile,0.35,1021.873153698665
2026-01-10,3,wk inc flu hosp,2026-02-07,06,quantile,0.4,1084.4596054050235
2026-01-10,3,wk inc flu hosp,2026-02-07,06,quantile,0.45,1148.655216352646
2026-01-10,3,wk inc flu hosp,2026-02-07,06,quantile,0.5,1215.5386937100309
2026-01-10,3,wk inc flu hosp,2026-02-07,06,quantile,0.55,1286.3132503055963
2026-01-10,3,wk inc flu hosp,2026-02-07,06,quantile,0.6,1362.446770312084
2026-01-10,3,wk inc flu hosp,2026-02-07,06,quantile,0.65,1445.8718706148597
2026-01-10,3,wk inc flu hosp,2026-02-07,06,quantile,0.7,1539.3195803581611
2026-01-10,3,wk inc flu hosp,2026-02-07,06,quantile,0.75,1646.9466686207197
2026-01-10,3,wk inc flu hosp,2026-02-07,06,quantile,0.8,1775.6671742735098
2026-01-10,3,wk inc flu hosp,2026-02-07,06,quantile,0.85,1938.4505339959358
2026-01-10,3,wk inc flu hosp,2026-02-07,06,quantile,0.9,2164.622565760405
2026-01-10,3,wk inc flu hosp,2026-02-07,06,quantile,0.95,2549.256143767758
2026-01-10,3,wk inc flu hosp,2026-02-07,06,quantile,0.975,2937.77685720735
2026-01-10,3,wk inc flu hosp,2026-02-07,06,quantile,0.99,3464.5321716069448
2026-01-10,3,wk inc flu hosp,2026-02-07,08,quantile,0.01,95.70875402357558
2026-01-10,3,wk inc flu hosp,2026-02-07,08,quantile,0.025,113.04312563669984
2026-01-10,3,wk inc flu hosp,2026-02-07,08,quantile,0.05,130.41711241976495
2026-01-10,3,wk inc flu hosp,2026-02-07,08,quantile,0.1,153.75794519487056
2026-01-10,3,wk inc flu hosp,2026-02-07,08,quantile,0.15,171.80528297579465
2026-01-10,3,wk inc flu hosp,2026-02-07,08,quantile,0.2,187.63820033246662
2026-01-10,3,wk inc flu hosp,2026-02-07,08,quantile,0.25,202.3726604910289
2026-01-10,3,wk inc flu hosp,2026-02-07,08,quantile,0.3,216.58296305419555
2026-01-10,3,wk inc flu hosp,2026-02-07,08,quantile,0.35,230.6357827886309
2026-01-10,3,wk inc flu hosp,2026-02-07,08,quantile,0.4,244.808861513538
2026-01-10,3,wk inc flu hosp,2026-02-07,08,quantile,0.45,259.3463440348826
2026-01-10,3,wk inc flu hosp,2026-02-07,08,quantile,0.5,274.4925100841947
2026-01-10,3,wk inc flu hosp,2026-02-07,08,quantile,0.55,290.5198344491488
2026-01-10,3,wk inc flu hosp,2026-02-07,08,quantile,0.6,307.76072833651733
2026-01-10,3,wk inc flu hosp,2026-02-07,08,quantile,0.65,326.65284447328156
2026-01-10,3,wk inc flu hosp,2026-02-07,08,quantile,0.7,347.8146408484469
2026-01-10,3,wk inc flu hosp,2026-02-07,08,quantile,0.75,372.1874428413549
2026-01-10,3,wk inc flu hosp,2026-02-07,08,quantile,0.8,401.3369761730471
2026-01-10,3,wk inc flu hosp,2026-02-07,08,quantile,0.85,438.2002478484475
2026-01-10,3,wk inc flu hosp,2026-02-07,08,quantile,0.9,489.41826587269577
2026-01-10,3,wk inc flu hosp,2026-02-07,08,quantile,0.95,576.520854894963
2026-01-10,3,wk inc flu hosp,2026-02-07,08,quantile,0.975,664.5037091342772
2026-01-10,3,wk inc flu hosp,2026-02-07,08,quantile,0.99,783.7906208572207
2026-01-10,3,wk inc flu hosp,2026-02-07,09,quantile,0.01,22.50565627099353
2026-01-10,3,wk inc flu hosp,2026-02-07,09,quantile,0.025,26.7188816912325
2026-01-10,3,wk inc flu hosp,2026-02-07,09,quantile,0.05,30.94173582168647
2026-01-10,3,wk inc flu hosp,2026-02-07,09,quantile,0.1,36.614868495452754
2026-01-10,3,wk inc flu hosp,2026-02-07,09,quantile,0.15,41.00138471901512
2026-01-10,3,wk inc flu hosp,2026-02-07,09,quantile,0.2,44.84967246618484
2026-01-10,3,wk inc flu hosp,2026-02-07,09,quantile,0.25,48.430973448941636
2026-01-10,3,wk inc flu hosp,2026-02-07,09,quantile,0.3,51.88487471081898
2026-01-10,3,wk inc flu hosp,2026-02-07,09,quantile,0.35,55.300498804531806
2026-01-10,3,wk inc flu hosp,2026-02-07,09,quantile,0.4,58.74535258403747
2026-01-10,3,wk inc flu hosp,2026-02-07,09,quantile,0.45,62.27877694300501
2026-01-10,3,wk inc flu hosp,2026-02-07,09,quantile,0.5,65.96014556959007
2026-01-10,3,wk inc flu hosp,2026-02-07,09,quantile,0.55,69.85568513340753
2026-01-10,3,wk inc flu hosp,2026-02-07,09,quantile,0.6,74.0461902186283
2026-01-10,3,wk inc flu hosp,2026-02-07,09,quantile,0.65,78.63803500689035
2026-01-10,3,wk inc flu hosp,2026-02-07,09,quantile,0.7,83.78153950856279
2026-01-10,3,wk inc flu hosp,2026-02-07,09,quantile,0.75,89.70549863502013
2026-01-10,3,wk inc flu hosp,2026-02-07,09,quantile,0.8,96.79047163330316
2026-01-10,3,wk inc flu hosp,2026-02-07,09,quantile,0.85,105.75031608352717
2026-01-10,3,wk inc flu hosp,2026-02-07,09,quantile,0.9,118.19916974434511
2026-01-10,3,wk inc flu hosp,2026-02-07,09,quantile,0.95,139.36998864841158
2026-01-10,3,wk inc flu hosp,2026-02-07,09,quantile,0.975,160.75476141661503
2026-01-10,3,wk inc flu hosp,2026-02-07,09,quantile,0.99,189.74817750286013
2026-01-10,3,wk inc flu hosp,2026-02-07,10,quantile,0.01,30.92545875808312
2026-01-10,3,wk inc flu hosp,2026-02-07,10,quantile,0.025,41.79883521664683
2026-01-10,3,wk inc flu hosp,2026-02-07,10,quantile,0.05,54.069673667490505
2026-01-10,3,wk inc flu hosp,2026-02-07,10,quantile,0.1,72.64386432886289
2026-01-10,3,wk inc flu hosp,2026-02-07,10,quantile,0.15,88.59821292060596
2026-01-10,3,wk inc flu hosp,2026-02-07,10,quantile,0.2,103.70900289949273
2026-01-10,3,wk inc flu hosp,2026-02-07,10,quantile,0.25,118.68823142180663
2026-01-10,3,wk inc flu hosp,2026-02-07,10,quantile,0.3,133.95773862840977
2026-01-10,3,wk inc flu hosp,2026-02-07,10,quantile,0.35,149.84091236455527
2026-01-10,3,wk inc flu hosp,2026-02-07,10,quantile,0.4,166.63758433574944
2026-01-10,3,wk inc flu hosp,2026-02-07,10,quantile,0.45,184.66667936784594
2026-01-10,3,wk inc flu hosp,2026-02-07,10,quantile,0.5,204.30200674028907
2026-01-10,3,wk inc flu hosp,2026-02-07,10,quantile,0.55,226.01388377870194
2026-01-10,3,wk inc flu hosp,2026-02-07,10,quantile,0.6,250.42878393649855
2026-01-10,3,wk inc flu hosp,2026-02-07,10,quantile,0.65,278.4262730904423
2026-01-10,3,wk inc flu hosp,2026-02-07,10,quantile,0.7,311.31194594658797
2026-01-10,3,wk inc flu hosp,2026-02-07,10,quantile,0.75,351.15587590268603
2026-01-10,3,wk inc flu hosp,2026-02-07,10,quantile,0.8,401.5338108896641
2026-01-10,3,wk inc flu hosp,2026-02-07,10,quantile,0.85,469.4213688830865
2026-01-10,3,wk inc flu hosp,2026-02-07,10,quantile,0.9,571.3343601765677
2026-01-10,3,wk inc flu hosp,2026-02-07,10,quantile,0.95,764.3743188326106
2026-01-10,3,wk inc flu hosp,2026-02-07,10,quantile,0.975,983.8145109144377
2026-01-10,3,wk inc flu hosp,2026-02-07,10,quantile,0.99,1319.2289210932054
2026-01-10,3,wk inc flu hosp,2026-02-07,11,quantile,0.01,10.813419281682515
2026-01-10,3,wk inc flu hosp,2026-02-07,11,quantile,0.025,14.836909001468198
2026-01-10,3,wk inc flu hosp,2026-02-07,11,quantile,0.05,19.377503410966096
2026-01-10,3,wk inc flu hosp,2026-02-07,11,quantile,0.1,26.250535487447962
2026-01-10,3,wk inc flu hosp,2026-02-07,11,quantile,0.15,32.15414397459811
2026-01-10,3,wk inc flu hosp,2026-02-07,11,quantile,0.2,37.745609364358245
2026-01-10,3,wk inc flu hosp,2026-02-07,11,quantile,0.25,43.28839289618232
2026-01-10,3,wk inc flu hosp,2026-02-07,11,quantile,0.3,48.938588629410575
2026-01-10,3,wk inc flu hosp,2026-02-07,11,quantile,0.35,54.81586019160503
2026-01-10,3,wk inc flu hosp,2026-02-07,11,quantile,0.4,61.03115470111188
2026-01-10,3,wk inc flu hosp,2026-02-07,11,quantile,0.45,67.7024843285845
2026-01-10,3,wk inc flu hosp,2026-02-07,11,quantile,0.5,74.96817021085984
2026-01-10,3,wk inc flu hosp,2026-02-07,11,quantile,0.55,83.00224448339215
2026-01-10,3,wk inc flu hosp,2026-02-07,11,quantile,0.6,92.03652193794689
2026-01-10,3,wk inc flu hosp,2026-02-07,11,quantile,0.65,102.39646948689654
2026-01-10,3,wk inc flu hosp,2026-02-07,11,quantile,0.7,114.5651980478145
2026-01-10,3,wk inc flu hosp,2026-02-07,11,quantile,0.75,129.30869958895374
2026-01-10,3,wk inc flu hosp,2026-02-07,11,quantile,0.8,147.95011279639385
2026-01-10,3,wk inc flu hosp,2026-02-07,11,quantile,0.85,173.07063471787708
2026-01-10,3,wk inc flu hosp,2026-02-07,11,quantile,0.9,210.78163224882192
2026-01-10,3,wk inc flu hosp,2026-02-07,11,quantile,0.95,282.2124607610389
2026-01-10,3,wk inc flu hosp,2026-02-07,11,quantile,0.975,363.4122021949572
2026-01-10,3,wk inc flu hosp,2026-02-07,11,quantile,0.99,487.52603531432607
2026-01-10,3,wk inc flu hosp,2026-02-07,12,quantile,0.01,742.7100463477468
2026-01-10,3,wk inc flu hosp,2026-02-07,12,quantile,0.025,876.014900142709
2026-01-10,3,wk inc flu hosp,2026-02-07,12,quantile,0.05,1009.6244026757328
2026-01-10,3,wk inc flu hosp,2026-02-07,12,quantile,0.1,1189.120168082214
2026-01-10,3,wk inc flu hosp,2026-02-07,12,quantile,0.15,1327.9078771476466
2026-01-10,3,wk inc flu hosp,2026-02-07,12,quantile,0.2,1449.66624142437
2026-01-10,3,wk inc flu hosp,2026-02-07,12,quantile,0.25,1562.9772457700778
2026-01-10,3,wk inc flu hosp,2026-02-07,12,quantile,0.3,1672.2573712827261
2026-01-10,3,wk inc flu hosp,2026-02-07,12,quantile,0.35,1780.3264217170401
2026-01-10,3,wk inc flu hosp,2026-02-07,12,quantile,0.4,1889.320288320071
2026-01-10,3,wk inc flu hosp,2026-02-07,12,quantile,0.45,2001.116494453521
2026-01-10,3,wk inc flu hosp,2026-02-07,12,quantile,0.5,2117.5936010842047
2026-01-10,3,wk inc flu hosp,2026-02-07,12,quantile,0.55,2240.8469949122814
2026-01-10,3,wk inc flu hosp,2026-02-07,12,quantile,0.6,2373.4329859273826
2026-01-10,3,wk inc flu hosp,2026-02-07,12,quantile,0.65,2518.717212878076
2026-01-10,3,wk inc flu hosp,2026-02-07,12,quantile,0.7,2681.455743860899
2026-01-10,3,wk inc flu hosp,2026-02-07,12,quantile,0.75,2868.8875630667508
2026-01-10,3,wk inc flu hosp,2026-02-07,12,quantile,0.8,3093.053420687491
2026-01-10,3,wk inc flu hosp,2026-02-07,12,quantile,0.85,3376.5394997197805
2026-01-10,3,wk inc flu hosp,2026-02-07,12,quantile,0.9,3770.4165064421245
2026-01-10,3,wk inc flu hosp,2026-02-07,12,quantile,0.95,4440.253184339636
2026-01-10,3,wk inc flu hosp,2026-02-07,12,quantile,0.975,5116.859281324151
2026-01-10,3,wk inc flu hosp,2026-02-07,12,quantile,0.99,6034.199966165594
2026-01-10,3,wk inc flu hosp,2026-02-07,13,quantile,0.01,268.5561667584549
2026-01-10,3,wk inc flu hosp,2026-02-07,13,quantile,0.025,316.87223506454916
2026-01-10,3,wk inc flu hosp,2026-02-07,13,quantile,0.05,365.2987226751062
2026-01-10,3,wk inc flu hosp,2026-02-07,13,quantile,0.1,430.35659127585154
2026-01-10,3,wk inc flu hosp,2026-02-07,13,quantile,0.15,480.65990912477145
2026-01-10,3,wk inc flu hosp,2026-02-07,13,quantile,0.2,524.7909762071525
2026-01-10,3,wk inc flu hosp,2026-02-07,13,quantile,0.25,565.8603151692591
2026-01-10,3,wk inc flu hosp,2026-02-07,13,quantile,0.3,605.4686704425704
2026-01-10,3,wk inc flu hosp,2026-02-07,13,quantile,0.35,644.6380740607633
2026-01-10,3,wk inc flu hosp,2026-02-07,13,quantile,0.4,684.1426753848629
2026-01-10,3,wk inc flu hosp,2026-02-07,13,quantile,0.45,724.6629788706921
2026-01-10,3,wk inc flu hosp,2026-02-07,13,quantile,0.5,766.8798650518988
2026-01-10,3,wk inc flu hosp,2026-02-07,13,quantile,0.55,811.5528025003354
2026-01-10,3,wk inc flu hosp,2026-02-07,13,quantile,0.6,859.6083204799734
2026-01-10,3,wk inc flu hosp,2026-02-07,13,quantile,0.65,912.2662877880857
2026-01-10,3,wk inc flu hosp,2026-02-07,13,quantile,0.7,971.2505314608142
2026-01-10,3,wk inc flu hosp,2026-02-07,13,quantile,0.75,1039.1848063328646
2026-01-10,3,wk inc flu hosp,2026-02-07,13,quantile,0.8,1120.433257385944
2026-01-10,3,wk inc flu hosp,2026-02-07,13,quantile,0.85,1223.182199891956
2026-01-10,3,wk inc flu hosp,2026-02-07,13,quantile,0.9,1365.94210562103
2026-01-10,3,wk inc flu hosp,2026-02-07,13,quantile,0.95,1608.723022908577
2026-01-10,3,wk inc flu hosp,2026-02-07,13,quantile,0.975,1853.957502130963
2026-01-10,3,wk inc flu hosp,2026-02-07,13,quantile,0.99,2186.4457343819154
2026-01-10,3,wk inc flu hosp,2026-02-07,15,quantile,0.01,8.094184415902237
2026-01-10,3,wk inc flu hosp,2026-02-07,15,quantile,0.025,11.191516344609777
2026-01-10,3,wk inc flu hosp,2026-02-07,15,quantile,0.05,14.686915626026675
2026-01-10,3,wk inc flu hosp,2026-02-07,15,quantile,0.1,19.97784148221808
2026-01-10,3,wk inc flu hosp,2026-02-07,15,quantile,0.15,24.522488645922774
2026-01-10,3,wk inc flu hosp,2026-02-07,15,quantile,0.2,28.826840511015085
2026-01-10,3,wk inc flu hosp,2026-02-07,15,quantile,0.25,33.093712682539945
2026-01-10,3,wk inc flu hosp,2026-02-07,15,quantile,0.3,37.44326788126827
2026-01-10,3,wk inc flu hosp,2026-02-07,15,quantile,0.35,41.967624014459005
2026-01-10,3,wk inc flu hosp,2026-02-07,15,quantile,0.4,46.75218868283406
2026-01-10,3,wk inc flu hosp,2026-02-07,15,quantile,0.45,51.887807961005954
2026-01-10,3,wk inc flu hosp,2026-02-07,15,quantile,0.5,57.48096161763499
2026-01-10,3,wk inc flu hosp,2026-02-07,15,quantile,0.55,63.665619612082864
2026-01-10,3,wk inc flu hosp,2026-02-07,15,quantile,0.6,70.62023283244241
2026-01-10,3,wk inc flu hosp,2026-02-07,15,quantile,0.65,78.59534533658244
2026-01-10,3,wk inc flu hosp,2026-02-07,15,quantile,0.7,87.9628551424403
2026-01-10,3,wk inc flu hosp,2026-02-07,15,quantile,0.75,99.31242134197834
2026-01-10,3,wk inc flu hosp,2026-02-07,15,quantile,0.8,113.66259292399002
2026-01-10,3,wk inc flu hosp,2026-02-07,15,quantile,0.85,133.00036803502098
2026-01-10,3,wk inc flu hosp,2026-02-07,15,quantile,0.9,162.03025621688906
2026-01-10,3,wk inc flu hosp,2026-02-07,15,quantile,0.95,217.01754744246998
2026-01-10,3,wk inc flu hosp,2026-02-07,15,quantile,0.975,279.5248153758485
2026-01-10,3,wk inc flu hosp,2026-02-07,15,quantile,0.99,375.06702429994624
2026-01-10,3,wk inc flu hosp,2026-02-07,16,quantile,0.01,10.048067785183408
2026-01-10,3,wk inc flu hosp,2026-02-07,16,quantile,0.025,13.730878040004047
2026-01-10,3,wk inc flu hosp,2026-02-07,16,quantile,0.05,17.866264025838145
2026-01-10,3,wk inc flu hosp,2026-02-07,16,quantile,0.1,24.09442580486532
2026-01-10,3,wk inc flu hosp,2026-02-07,16,quantile,0.15,29.42048766635959
2026-01-10,3,wk inc flu hosp,2026-02-07,16,quantile,0.2,34.44867338156229
2026-01-10,3,wk inc flu hosp,2026-02-07,16,quantile,0.25,39.41981159823925
2026-01-10,3,wk inc flu hosp,2026-02-07,16,quantile,0.3,44.47544168822466
2026-01-10,3,wk inc flu hosp,2026-02-07,16,quantile,0.35,49.72303955754362
2026-01-10,3,wk inc flu hosp,2026-02-07,16,quantile,0.4,55.26134775959747
2026-01-10,3,wk inc flu hosp,2026-02-07,16,quantile,0.45,61.1946252758759
2026-01-10,3,wk inc flu hosp,2026-02-07,16,quantile,0.5,67.64441780657552
2026-01-10,3,wk inc flu hosp,2026-02-07,16,quantile,0.55,74.76307558896761
2026-01-10,3,wk inc flu hosp,2026-02-07,16,quantile,0.6,82.75298999480303
2026-01-10,3,wk inc flu hosp,2026-02-07,16,quantile,0.65,91.89774700228736
2026-01-10,3,wk inc flu hosp,2026-02-07,16,quantile,0.7,102.6175993255681
2026-01-10,3,wk inc flu hosp,2026-02-07,16,quantile,0.75,115.57788370812113
2026-01-10,3,wk inc flu hosp,2026-02-07,16,quantile,0.8,131.92616187026502
2026-01-10,3,wk inc flu hosp,2026-02-07,16,quantile,0.85,153.89745423162677
2026-01-10,3,wk inc flu hosp,2026-02-07,16,quantile,0.9,186.7730191017212
2026-01-10,3,wk inc flu hosp,2026-02-07,16,quantile,0.95,248.76095370818206
2026-01-10,3,wk inc flu hosp,2026-02-07,16,quantile,0.975,318.87611893923514
2026-01-10,3,wk inc flu hosp,2026-02-07,16,quantile,0.99,425.5049950474645
2026-01-10,3,wk inc flu hosp,2026-02-07,17,quantile,0.01,258.50443749215964
2026-01-10,3,wk inc flu hosp,2026-02-07,17,quantile,0.025,305.0188032304181
2026-01-10,3,wk inc flu hosp,2026-02-07,17,quantile,0.05,351.63947074554727
2026-01-10,3,wk inc flu hosp,2026-02-07,17,quantile,0.1,414.2713362995773
2026-01-10,3,wk inc flu hosp,2026-02-07,17,quantile,0.15,462.6988471940719
2026-01-10,3,wk inc flu hosp,2026-02-07,17,quantile,0.2,505.184270090756
2026-01-10,3,wk inc flu hosp,2026-02-07,17,quantile,0.25,544.7221364794203
2026-01-10,3,wk inc flu hosp,2026-02-07,17,quantile,0.3,582.853499151604
2026-01-10,3,wk inc flu hosp,2026-02-07,17,quantile,0.35,620.5622786430072
2026-01-10,3,wk inc flu hosp,2026-02-07,17,quantile,0.4,658.5937563429732
2026-01-10,3,wk inc flu hosp,2026-02-07,17,quantile,0.45,697.6030607471429
2026-01-10,3,wk inc flu hosp,2026-02-07,17,quantile,0.5,738.2456824050686
2026-01-10,3,wk inc flu hosp,2026-02-07,17,quantile,0.55,781.2527693624487
2026-01-10,3,wk inc flu hosp,2026-02-07,17,quantile,0.6,827.516300676407
2026-01-10,3,wk inc flu hosp,2026-02-07,17,quantile,0.65,878.2106563281448
2026-01-10,3,wk inc flu hosp,2026-02-07,17,quantile,0.7,934.9953819727557
2026-01-10,3,wk inc flu hosp,2026-02-07,17,quantile,0.75,1000.396392823702
2026-01-10,3,wk inc flu hosp,2026-02-07,17,quantile,0.8,1078.6150952232356
2026-01-10,3,wk inc flu hosp,2026-02-07,17,quantile,0.85,1177.532537359998
2026-01-10,3,wk inc flu hosp,2026-02-07,17,quantile,0.9,1314.9689368984068
2026-01-10,3,wk inc flu hosp,2026-02-07,17,quantile,0.95,1548.696571966727
2026-01-10,3,wk inc flu hosp,2026-02-07,17,quantile,0.975,1784.7862758291296
2026-01-10,3,wk inc flu hosp,2026-02-07,17,quantile,0.99,2104.8760468057367
2026-01-10,3,wk inc flu hosp,2026-02-07,18,quantile,0.01,294.30038663295835
2026-01-10,3,wk inc flu hosp,2026-02-07,18,quantile,0.025,347.23092731748727
2026-01-10,3,wk inc flu hosp,2026-02-07,18,quantile,0.05,400.28243300790615
2026-01-10,3,wk inc flu hosp,2026-02-07,18,quantile,0.1,471.55371565873685
2026-01-10,3,wk inc flu hosp,2026-02-07,18,quantile,0.15,526.6613000569732
2026-01-10,3,wk inc flu hosp,2026-02-07,18,quantile,0.2,575.0071469677206
2026-01-10,3,wk inc flu hosp,2026-02-07,18,quantile,0.25,619.9988524816874
2026-01-10,3,wk inc flu hosp,2026-02-07,18,quantile,0.3,663.3900416603987
2026-01-10,3,wk inc flu hosp,2026-02-07,18,quantile,0.35,706.3003566857624
2026-01-10,3,wk inc flu hosp,2026-02-07,18,quantile,0.4,749.577882794972
2026-01-10,3,wk inc flu hosp,2026-02-07,18,quantile,0.45,793.968116673659
2026-01-10,3,wk inc flu hosp,2026-02-07,18,quantile,0.5,840.2169670029529
2026-01-10,3,wk inc flu hosp,2026-02-07,18,quantile,0.55,889.1564361280437
2026-01-10,3,wk inc flu hosp,2026-02-07,18,quantile,0.6,941.8015423776454
2026-01-10,3,wk inc flu hosp,2026-02-07,18,quantile,0.65,999.4886592868471
2026-01-10,3,wk inc flu hosp,2026-02-07,18,quantile,0.7,1064.106249643878
2026-01-10,3,wk inc flu hosp,2026-02-07,18,quantile,0.75,1138.5286525018416
2026-01-10,3,wk inc flu hosp,2026-02-07,18,quantile,0.8,1227.536814688696
2026-01-10,3,wk inc flu hosp,2026-02-07,18,quantile,0.85,1340.0988933568567
2026-01-10,3,wk inc flu hosp,2026-02-07,18,quantile,0.9,1496.4932206113185
2026-01-10,3,wk inc flu hosp,2026-02-07,18,quantile,0.95,1762.4611619285736
2026-01-10,3,wk inc flu hosp,2026-02-07,18,quantile,0.975,2031.1169949631608
2026-01-10,3,wk inc flu hosp,2026-02-07,18,quantile,0.99,2395.3598342768546
2026-01-10,3,wk inc flu hosp,2026-02-07,19,quantile,0.01,31.282956944140142
2026-01-10,3,wk inc flu hosp,2026-02-07,19,quantile,0.025,41.92766956526246
2026-01-10,3,wk inc flu hosp,2026-02-07,19,quantile,0.05,53.850575027433436
2026-01-10,3,wk inc flu hosp,2026-02-07,19,quantile,0.1,71.76192039055796
2026-01-10,3,wk inc flu hosp,2026-02-07,19,quantile,0.15,87.04501192477287
2026-01-10,3,wk inc flu hosp,2026-02-07,19,quantile,0.2,101.45002098642979
2026-01-10,3,wk inc flu hosp,2026-02-07,19,quantile,0.25,115.67259335020279
2026-01-10,3,wk inc flu hosp,2026-02-07,19,quantile,0.3,130.11995822549576
2026-01-10,3,wk inc flu hosp,2026-02-07,19,quantile,0.35,145.09988110657045
2026-01-10,3,wk inc flu hosp,2026-02-07,19,quantile,0.4,160.89382886908422
2026-01-10,3,wk inc flu hosp,2026-02-07,19,quantile,0.45,177.7978854459508
2026-01-10,3,wk inc flu hosp,2026-02-07,19,quantile,0.5,196.15628185205068
2026-01-10,3,wk inc flu hosp,2026-02-07,19,quantile,0.55,216.3996598269364
2026-01-10,3,wk inc flu hosp,2026-02-07,19,quantile,0.6,239.09932772149108
2026-01-10,3,wk inc flu hosp,2026-02-07,19,quantile,0.65,265.05496992411406
2026-01-10,3,wk inc flu hosp,2026-02-07,19,quantile,0.7,295.4506700564751
2026-01-10,3,wk inc flu hosp,2026-02-07,19,quantile,0.75,332.15964235963975
2026-01-10,3,wk inc flu hosp,2026-02-07,19,quantile,0.8,378.4103612616529
2026-01-10,3,wk inc flu hosp,2026-02-07,19,quantile,0.85,440.4855381805949
2026-01-10,3,wk inc flu hosp,2026-02-07,19,quantile,0.9,533.2162392784967
2026-01-10,3,wk inc flu hosp,2026-02-07,19,quantile,0.95,707.6634817280245
2026-01-10,3,wk inc flu hosp,2026-02-07,19,quantile,0.975,904.4905581266344
2026-01-10,3,wk inc flu hosp,2026-02-07,19,quantile,0.99,1203.059452824716
2026-01-10,3,wk inc flu hosp,2026-02-07,20,quantile,0.01,49.46524749149349
2026-01-10,3,wk inc flu hosp,2026-02-07,20,quantile,0.025,58.51079215183087
2026-01-10,3,wk inc flu hosp,2026-02-07,20,quantile,0.05,67.57700908093717
2026-01-10,3,wk inc flu hosp,2026-02-07,20,quantile,0.1,79.75688787832216
2026-01-10,3,wk inc flu hosp,2026-02-07,20,quantile,0.15,89.17447759781011
2026-01-10,3,wk inc flu hosp,2026-02-07,20,quantile,0.2,97.43652275581134
2026-01-10,3,wk inc flu hosp,2026-02-07,20,quantile,0.25,105.12536319288414
2026-01-10,3,wk inc flu hosp,2026-02-07,20,quantile,0.3,112.54068399832424
2026-01-10,3,wk inc flu hosp,2026-02-07,20,quantile,0.35,119.87382599784522
2026-01-10,3,wk inc flu hosp,2026-02-07,20,quantile,0.4,127.26972239616397
2026-01-10,3,wk inc flu hosp,2026-02-07,20,quantile,0.45,134.85577456641602
2026-01-10,3,wk inc flu hosp,2026-02-07,20,quantile,0.5,142.7594542895511
2026-01-10,3,wk inc flu hosp,2026-02-07,20,quantile,0.55,151.12294629056143
2026-01-10,3,wk inc flu hosp,2026-02-07,20,quantile,0.6,160.11971174147942
2026-01-10,3,wk inc flu hosp,2026-02-07,20,quantile,0.65,169.9781296903595
2026-01-10,3,wk inc flu hosp,2026-02-07,20,quantile,0.7,181.02092826862437
2026-01-10,3,wk inc flu hosp,2026-02-07,20,quantile,0.75,193.73931655779023
2026-01-10,3,wk inc flu hosp,2026-02-07,20,quantile,0.8,208.95033265139827
2026-01-10,3,wk inc flu hosp,2026-02-07,20,quantile,0.85,228.18658636211958
2026-01-10,3,wk inc flu hosp,2026-02-07,20,quantile,0.9,254.9135355583357
2026-01-10,3,wk inc flu hosp,2026-02-07,20,quantile,0.95,300.3660259408195
2026-01-10,3,wk inc flu hosp,2026-02-07,20,quantile,0.975,346.2778625581395
2026-01-10,3,wk inc flu hosp,2026-02-07,20,quantile,0.99,408.5250043331929
2026-01-10,3,wk inc flu hosp,2026-02-07,21,quantile,0.01,127.55255249994694
2026-01-10,3,wk inc flu hosp,2026-02-07,21,quantile,0.025,150.59470353734437
2026-01-10,3,wk inc flu hosp,2026-02-07,21,quantile,0.05,173.6895140393894
2026-01-10,3,wk inc flu hosp,2026-02-07,21,quantile,0.1,204.71590519714107
2026-01-10,3,wk inc flu hosp,2026-02-07,21,quantile,0.15,228.7057845104548
2026-01-10,3,wk inc flu hosp,2026-02-07,21,quantile,0.2,249.75208957633038
2026-01-10,3,wk inc flu hosp,2026-02-07,21,quantile,0.25,269.33824268332
2026-01-10,3,wk inc flu hosp,2026-02-07,21,quantile,0.3,288.2276460753468
2026-01-10,3,wk inc flu hosp,2026-02-07,21,quantile,0.35,306.90771144195156
2026-01-10,3,wk inc flu hosp,2026-02-07,21,quantile,0.4,325.7476341073324
2026-01-10,3,wk inc flu hosp,2026-02-07,21,quantile,0.45,345.0719497177541
2026-01-10,3,wk inc flu hosp,2026-02-07,21,quantile,0.5,365.2053732726936
2026-01-10,3,wk inc flu hosp,2026-02-07,21,quantile,0.55,386.5100987617343
2026-01-10,3,wk inc flu hosp,2026-02-07,21,quantile,0.6,409.42799217251746
2026-01-10,3,wk inc flu hosp,2026-02-07,21,quantile,0.65,434.5408144400284
2026-01-10,3,wk inc flu hosp,2026-02-07,21,quantile,0.7,462.6706664578556
2026-01-10,3,wk inc flu hosp,2026-02-07,21,quantile,0.75,495.0688287483169
2026-01-10,3,wk inc flu hosp,2026-02-07,21,quantile,0.8,533.8165817496412
2026-01-10,3,wk inc flu hosp,2026-02-07,21,quantile,0.85,582.81801616184
2026-01-10,3,wk inc flu hosp,2026-02-07,21,quantile,0.9,650.9008595143695
2026-01-10,3,wk inc flu hosp,2026-02-07,21,quantile,0.95,766.6841746983978
2026-01-10,3,wk inc flu hosp,2026-02-07,21,quantile,0.975,883.6376046426752
2026-01-10,3,wk inc flu hosp,2026-02-07,21,quantile,0.99,1042.2027432037817
2026-01-10,3,wk inc flu hosp,2026-02-07,22,quantile,0.01,205.06891899572037
2026-01-10,3,wk inc flu hosp,2026-02-07,22,quantile,0.025,242.00533965228078
2026-01-10,3,wk inc flu hosp,2026-02-07,22,quantile,0.05,279.0261730936813
2026-01-10,3,wk inc flu hosp,2026-02-07,22,quantile,0.1,328.7612795686686
2026-01-10,3,wk inc flu hosp,2026-02-07,22,quantile,0.15,367.21690258661215
2026-01-10,3,wk inc flu hosp,2026-02-07,22,quantile,0.2,400.95399492307837
2026-01-10,3,wk inc flu hosp,2026-02-07,22,quantile,0.25,432.3504730135752
2026-01-10,3,wk inc flu hosp,2026-02-07,22,quantile,0.3,462.6300657697801
2026-01-10,3,wk inc flu hosp,2026-02-07,22,quantile,0.35,492.5740910108754
2026-01-10,3,wk inc flu hosp,2026-02-07,22,quantile,0.4,522.7743664789149
2026-01-10,3,wk inc flu hosp,2026-02-07,22,quantile,0.45,553.7511207380212
2026-01-10,3,wk inc flu hosp,2026-02-07,22,quantile,0.5,586.0248698543685
2026-01-10,3,wk inc flu hosp,2026-02-07,22,quantile,0.55,620.1762084754279
2026-01-10,3,wk inc flu hosp,2026-02-07,22,quantile,0.6,656.9134449517022
2026-01-10,3,wk inc flu hosp,2026-02-07,22,quantile,0.65,697.169138339041
2026-01-10,3,wk inc flu hosp,2026-02-07,22,quantile,0.7,742.261111108898
2026-01-10,3,wk inc flu hosp,2026-02-07,22,quantile,0.75,794.1951579310803
2026-01-10,3,wk inc flu hosp,2026-02-07,22,quantile,0.8,856.3075580290819
2026-01-10,3,wk inc flu hosp,2026-02-07,22,quantile,0.85,934.8565438111079
2026-01-10,3,wk inc flu hosp,2026-02-07,22,quantile,0.9,1043.9929060145464
2026-01-10,3,wk inc flu hosp,2026-02-07,22,quantile,0.95,1229.5928193085538
2026-01-10,3,wk inc flu hosp,2026-02-07,22,quantile,0.975,1417.0684190751854
2026-01-10,3,wk inc flu hosp,2026-02-07,22,quantile,0.99,1671.24732146382
2026-01-10,3,wk inc flu hosp,2026-02-07,23,quantile,0.01,17.830609339681825
2026-01-10,3,wk inc flu hosp,2026-02-07,23,quantile,0.025,24.243986758893943
2026-01-10,3,wk inc flu hosp,2026-02-07,23,quantile,0.05,31.481601695376998
2026-01-10,3,wk inc flu hosp,2026-02-07,23,quantile,0.1,42.43704575066069
2026-01-10,3,wk inc flu hosp,2026-02-07,23,quantile,0.15,51.8472306191657
2026-01-10,3,wk inc flu hosp,2026-02-07,23,quantile,0.2,60.75985313433503
2026-01-10,3,wk inc flu hosp,2026-02-07,23,quantile,0.25,69.5948659334557
2026-01-10,3,wk inc flu hosp,2026-02-07,23,quantile,0.3,78.60107916942191
2026-01-10,3,wk inc flu hosp,2026-02-07,23,quantile,0.35,87.96923280865622
2026-01-10,3,wk inc flu hosp,2026-02-07,23,quantile,0.4,97.87617213832714
2026-01-10,3,wk inc flu hosp,2026-02-07,23,quantile,0.45,108.51000313630698
2026-01-10,3,wk inc flu hosp,2026-02-07,23,quantile,0.5,120.09120272548581
2026-01-10,3,wk inc flu hosp,2026-02-07,23,quantile,0.55,132.89716882076596
2026-01-10,3,wk inc flu hosp,2026-02-07,23,quantile,0.6,147.29740128886814
2026-01-10,3,wk inc flu hosp,2026-02-07,23,quantile,0.65,163.81067572022567
2026-01-10,3,wk inc flu hosp,2026-02-07,23,quantile,0.7,183.20704254895836
2026-01-10,3,wk inc flu hosp,2026-02-07,23,quantile,0.75,206.70744704475322
2026-01-10,3,wk inc flu hosp,2026-02-07,23,quantile,0.8,236.42089129666095
2026-01-10,3,wk inc flu hosp,2026-02-07,23,quantile,0.85,276.4616419008142
2026-01-10,3,wk inc flu hosp,2026-02-07,23,quantile,0.9,336.57082518167516
2026-01-10,3,wk inc flu hosp,2026-02-07,23,quantile,0.95,450.42722686583664
2026-01-10,3,wk inc flu hosp,2026-02-07,23,quantile,0.975,579.8543443455343
2026-01-10,3,wk inc flu hosp,2026-02-07,23,quantile,0.99,777.6832126884572
2026-01-10,3,wk inc flu hosp,2026-02-07,24,quantile,0.01,163.67755268873157
2026-01-10,3,wk inc flu hosp,2026-02-07,24,quantile,0.025,193.19485878441796
2026-01-10,3,wk inc flu hosp,2026-02-07,24,quantile,0.05,222.7796223641871
2026-01-10,3,wk inc flu hosp,2026-02-07,24,quantile,0.1,262.5248476845786
2026-01-10,3,wk inc flu hosp,2026-02-07,24,quantile,0.15,293.2562064774439
2026-01-10,3,wk inc flu hosp,2026-02-07,24,quantile,0.2,320.2168069788636
2026-01-10,3,wk inc flu hosp,2026-02-07,24,quantile,0.25,345.30693313755796
2026-01-10,3,wk inc flu hosp,2026-02-07,24,quantile,0.3,369.5045135189392
2026-01-10,3,wk inc flu hosp,2026-02-07,24,quantile,0.35,393.4339290678002
2026-01-10,3,wk inc flu hosp,2026-02-07,24,quantile,0.4,417.5681239713293
2026-01-10,3,wk inc flu hosp,2026-02-07,24,quantile,0.45,442.32283276725315
2026-01-10,3,wk inc flu hosp,2026-02-07,24,quantile,0.5,468.1140197471808
2026-01-10,3,wk inc flu hosp,2026-02-07,24,quantile,0.55,495.40566029427856
2026-01-10,3,wk inc flu hosp,2026-02-07,24,quantile,0.6,524.7637906952331
2026-01-10,3,wk inc flu hosp,2026-02-07,24,quantile,0.65,556.9336545501144
2026-01-10,3,wk inc flu hosp,2026-02-07,24,quantile,0.7,592.9683741858358
2026-01-10,3,wk inc flu hosp,2026-02-07,24,quantile,0.75,634.4708568192143
2026-01-10,3,wk inc flu hosp,2026-02-07,24,quantile,0.8,684.1072507480565
2026-01-10,3,wk inc flu hosp,2026-02-07,24,quantile,0.85,746.8787487876743
2026-01-10,3,wk inc flu hosp,2026-02-07,24,quantile,0.9,834.0937889043571
2026-01-10,3,wk inc flu hosp,2026-02-07,24,quantile,0.95,982.4137764573208
2026-01-10,3,wk inc flu hosp,2026-02-07,24,quantile,0.975,1132.2326967917465
2026-01-10,3,wk inc flu hosp,2026-02-07,24,quantile,0.99,1335.3567768056646
2026-01-10,3,wk inc flu hosp,2026-02-07,25,quantile,0.01,207.66157721738634
2026-01-10,3,wk inc flu hosp,2026-02-07,25,quantile,0.025,245.0627138299524
2026-01-10,3,wk inc flu hosp,2026-02-07,25,quantile,0.05,282.5493252676783
2026-01-10,3,wk inc flu hosp,2026-02-07,25,quantile,0.1,332.91017449580005
2026-01-10,3,wk inc flu hosp,2026-02-07,25,quantile,0.15,371.8496273298685
2026-01-10,3,wk inc flu hosp,2026-02-07,25,quantile,0.2,406.0111832402086
2026-01-10,3,wk inc flu hosp,2026-02-07,25,quantile,0.25,437.8026764423942
2026-01-10,3,wk inc flu hosp,2026-02-07,25,quantile,0.3,468.4632322059787
2026-01-10,3,wk inc flu hosp,2026-02-07,25,quantile,0.35,498.78399850831437
2026-01-10,3,wk inc flu hosp,2026-02-07,25,quantile,0.4,529.3642390524574
2026-01-10,3,wk inc flu hosp,2026-02-07,25,quantile,0.45,560.7307276635553
2026-01-10,3,wk inc flu hosp,2026-02-07,25,quantile,0.5,593.4105292860169
2026-01-10,3,wk inc flu hosp,2026-02-07,25,quantile,0.55,627.991543324836
2026-01-10,3,wk inc flu hosp,2026-02-07,25,quantile,0.6,665.1909897193052
2026-01-10,3,wk inc flu hosp,2026-02-07,25,quantile,0.65,705.9531605266168
2026-01-10,3,wk inc flu hosp,2026-02-07,25,quantile,0.7,751.6124584151897
2026-01-10,3,wk inc flu hosp,2026-02-07,25,quantile,0.75,804.1999139810783
2026-01-10,3,wk inc flu hosp,2026-02-07,25,quantile,0.8,867.0937818791067
2026-01-10,3,wk inc flu hosp,2026-02-07,25,quantile,0.85,946.6310325328262
2026-01-10,3,wk inc flu hosp,2026-02-07,25,quantile,0.9,1057.1404949986838
2026-01-10,3,wk inc flu hosp,2026-02-07,25,quantile,0.95,1245.0755355088056
2026-01-10,3,wk inc flu hosp,2026-02-07,25,quantile,0.975,1434.9098614601796
2026-01-10,3,wk inc flu hosp,2026-02-07,25,quantile,0.99,1692.2867183208596
2026-01-10,3,wk inc flu hosp,2026-02-07,26,quantile,0.01,192.9674454310508
2026-01-10,3,wk inc flu hosp,2026-02-07,26,quantile,0.025,251.64802777029382
2026-01-10,3,wk inc flu hosp,2026-02-07,26,quantile,0.05,316.13131028284886
2026-01-10,3,wk inc flu hosp,2026-02-07,26,quantile,0.1,411.1550826493156
2026-01-10,3,wk inc flu hosp,2026-02-07,26,quantile,0.15,490.8758624393291
2026-01-10,3,wk inc flu hosp,2026-02-07,26,quantile,0.2,565.0953982482687
2026-01-10,3,wk inc flu hosp,2026-02-07,26,quantile,0.25,637.6331517714206
2026-01-10,3,wk inc flu hosp,2026-02-07,26,quantile,0.3,710.6623741011283
2026-01-10,3,wk inc flu hosp,2026-02-07,26,quantile,0.35,785.769293356768
2026-01-10,3,wk inc flu hosp,2026-02-07,26,quantile,0.4,864.3549730169977
2026-01-10,3,wk inc flu hosp,2026-02-07,26,quantile,0.45,947.8507179806198
2026-01-10,3,wk inc flu hosp,2026-02-07,26,quantile,0.5,1037.8844489654066
2026-01-10,3,wk inc flu hosp,2026-02-07,26,quantile,0.55,1136.461223193384
2026-01-10,3,wk inc flu hosp,2026-02-07,26,quantile,0.6,1246.2117592845414
2026-01-10,3,wk inc flu hosp,2026-02-07,26,quantile,0.65,1370.78828331922
2026-01-10,3,wk inc flu hosp,2026-02-07,26,quantile,0.7,1515.5631029255303
2026-01-10,3,wk inc flu hosp,2026-02-07,26,quantile,0.75,1688.9857066744519
2026-01-10,3,wk inc flu hosp,2026-02-07,26,quantile,0.8,1905.5353677876456
2026-01-10,3,wk inc flu hosp,2026-02-07,26,quantile,0.85,2193.213989175534
2026-01-10,3,wk inc flu hosp,2026-02-07,26,quantile,0.9,2617.6281420201935
2026-01-10,3,wk inc flu hosp,2026-02-07,26,quantile,0.95,3402.261877042497
2026-01-10,3,wk inc flu hosp,2026-02-07,26,quantile,0.975,4270.875414295468
2026-01-10,3,wk inc flu hosp,2026-02-07,26,quantile,0.99,5563.237317781283
2026-01-10,3,wk inc flu hosp,2026-02-07,27,quantile,0.01,40.5480570303051
2026-01-10,3,wk inc flu hosp,2026-02-07,27,quantile,0.025,47.99525731365294
2026-01-10,3,wk inc flu hosp,2026-02-07,27,quantile,0.05,55.45947708356729
2026-01-10,3,wk inc flu hosp,2026-02-07,27,quantile,0.1,65.48717582776261
2026-01-10,3,wk inc flu hosp,2026-02-07,27,quantile,0.15,73.24068094669136
2026-01-10,3,wk inc flu hosp,2026-02-07,27,quantile,0.2,80.04282579834305
2026-01-10,3,wk inc flu hosp,2026-02-07,27,quantile,0.25,86.37305099005077
2026-01-10,3,wk inc flu hosp,2026-02-07,27,quantile,0.3,92.47808736729961
2026-01-10,3,wk inc flu hosp,2026-02-07,27,quantile,0.35,98.51546590306879
2026-01-10,3,wk inc flu hosp,2026-02-07,27,quantile,0.4,104.60451015870972
2026-01-10,3,wk inc flu hosp,2026-02-07,27,quantile,0.45,110.85010973211179
2026-01-10,3,wk inc flu hosp,2026-02-07,27,quantile,0.5,117.35721218794407
2026-01-10,3,wk inc flu hosp,2026-02-07,27,quantile,0.55,124.24287826317837
2026-01-10,3,wk inc flu hosp,2026-02-07,27,quantile,0.6,131.64991860526777
2026-01-10,3,wk inc flu hosp,2026-02-07,27,quantile,0.65,139.7663577694212
2026-01-10,3,wk inc flu hosp,2026-02-07,27,quantile,0.7,148.85789794627775
2026-01-10,3,wk inc flu hosp,2026-02-07,27,quantile,0.75,159.32895175535495
2026-01-10,3,wk inc flu hosp,2026-02-07,27,quantile,0.8,171.8521869629628
2026-01-10,3,wk inc flu hosp,2026-02-07,27,quantile,0.85,187.68940179792793
2026-01-10,3,wk inc flu hosp,2026-02-07,27,quantile,0.9,209.69370901226657
2026-01-10,3,wk inc flu hosp,2026-02-07,27,quantile,0.95,247.114761250228
2026-01-10,3,wk inc flu hosp,2026-02-07,27,quantile,0.975,284.913993414184
2026-01-10,3,wk inc flu hosp,2026-02-07,27,quantile,0.99,336.16208839042184
2026-01-10,3,wk inc flu hosp,2026-02-07,28,quantile,0.01,20.358122358914862
2026-01-10,3,wk inc flu hosp,2026-02-07,28,quantile,0.025,27.33070122933722
2026-01-10,3,wk inc flu hosp,2026-02-07,28,quantile,0.05,35.122778764072
2026-01-10,3,wk inc flu hosp,2026-02-07,28,quantile,0.1,46.80170262383913
2026-01-10,3,wk inc flu hosp,2026-02-07,28,quantile,0.15,56.74684803484021
2026-01-10,3,wk inc flu hosp,2026-02-07,28,quantile,0.2,66.10683794553712
2026-01-10,3,wk inc flu hosp,2026-02-07,28,quantile,0.25,75.33708849807296
2026-01-10,3,wk inc flu hosp,2026-02-07,28,quantile,0.3,84.70325542701981
2026-01-10,3,wk inc flu hosp,2026-02-07,28,quantile,0.35,94.40525559499184
2026-01-10,3,wk inc flu hosp,2026-02-07,28,quantile,0.4,104.62516522300629
2026-01-10,3,wk inc flu hosp,2026-02-07,28,quantile,0.45,115.55386347181589
2026-01-10,3,wk inc flu hosp,2026-02-07,28,quantile,0.5,127.41271088840656
2026-01-10,3,wk inc flu hosp,2026-02-07,28,quantile,0.55,140.47814432334906
2026-01-10,3,wk inc flu hosp,2026-02-07,28,quantile,0.6,155.11643572717298
2026-01-10,3,wk inc flu hosp,2026-02-07,28,quantile,0.65,171.8397897460808
2026-01-10,3,wk inc flu hosp,2026-02-07,28,quantile,0.7,191.406043802517
2026-01-10,3,wk inc flu hosp,2026-02-07,28,quantile,0.75,215.01327273735043
2026-01-10,3,wk inc flu hosp,2026-02-07,28,quantile,0.8,244.72494879124505
2026-01-10,3,wk inc flu hosp,2026-02-07,28,quantile,0.85,284.55366879523433
2026-01-10,3,wk inc flu hosp,2026-02-07,28,quantile,0.9,343.9631166377296
2026-01-10,3,wk inc flu hosp,2026-02-07,28,quantile,0.95,455.49379371972304
2026-01-10,3,wk inc flu hosp,2026-02-07,28,quantile,0.975,581.0478704082984
2026-01-10,3,wk inc flu hosp,2026-02-07,28,quantile,0.99,771.0633883730258
2026-01-10,3,wk inc flu hosp,2026-02-07,29,quantile,0.01,245.795657827207
2026-01-10,3,wk inc flu hosp,2026-02-07,29,quantile,0.025,290.03206319170346
2026-01-10,3,wk inc flu hosp,2026-02-07,29,quantile,0.05,334.3695643879496
2026-01-10,3,wk inc flu hosp,2026-02-07,29,quantile,0.1,393.9341429736974
2026-01-10,3,wk inc flu hosp,2026-02-07,29,quantile,0.15,439.99000052912794
2026-01-10,3,wk inc flu hosp,2026-02-07,29,quantile,0.2,480.3947735387264
2026-01-10,3,wk inc flu hosp,2026-02-07,29,quantile,0.25,517.9963415071719
2026-01-10,3,wk inc flu hosp,2026-02-07,29,quantile,0.3,554.2602868387952
2026-01-10,3,wk inc flu hosp,2026-02-07,29,quantile,0.35,590.1223442678638
2026-01-10,3,wk inc flu hosp,2026-02-07,29,quantile,0.4,626.2912963205139
2026-01-10,3,wk inc flu hosp,2026-02-07,29,quantile,0.45,663.3901877107611
2026-01-10,3,wk inc flu hosp,2026-02-07,29,quantile,0.5,702.04240747557
2026-01-10,3,wk inc flu hosp,2026-02-07,29,quantile,0.55,742.9432969534203
2026-01-10,3,wk inc flu hosp,2026-02-07,29,quantile,0.6,786.9411520744252
2026-01-10,3,wk inc flu hosp,2026-02-07,29,quantile,0.65,835.1528395973987
2026-01-10,3,wk inc flu hosp,2026-02-07,29,quantile,0.7,889.156631807783
2026-01-10,3,wk inc flu hosp,2026-02-07,29,quantile,0.75,951.3547416031549
2026-01-10,3,wk inc flu hosp,2026-02-07,29,quantile,0.8,1025.7428187383164
2026-01-10,3,wk inc flu hosp,2026-02-07,29,quantile,0.85,1119.8159507380901
2026-01-10,3,wk inc flu hosp,2026-02-07,29,quantile,0.9,1250.5216410194337
2026-01-10,3,wk inc flu hosp,2026-02-07,29,quantile,0.95,1472.8028706066011
2026-01-10,3,wk inc flu hosp,2026-02-07,29,quantile,0.975,1697.330490766131
2026-01-10,3,wk inc flu hosp,2026-02-07,29,quantile,0.99,2001.744420467501
2026-01-10,3,wk inc flu hosp,2026-02-07,30,quantile,0.01,13.807167362231782
2026-01-10,3,wk inc flu hosp,2026-02-07,30,quantile,0.025,18.85028690624585
2026-01-10,3,wk inc flu hosp,2026-02-07,30,quantile,0.05,24.541555432514027
2026-01-10,3,wk inc flu hosp,2026-02-07,30,quantile,0.1,33.156346274675684
2026-01-10,3,wk inc flu hosp,2026-02-07,30,quantile,0.15,40.55604290999853
2026-01-10,3,wk inc flu hosp,2026-02-07,30,quantile,0.2,47.56449337231999
2026-01-10,3,wk inc flu hosp,2026-02-07,30,quantile,0.25,54.51192505584623
2026-01-10,3,wk inc flu hosp,2026-02-07,30,quantile,0.3,61.59398926235452
2026-01-10,3,wk inc flu hosp,2026-02-07,30,quantile,0.35,68.96067468844772
2026-01-10,3,wk inc flu hosp,2026-02-07,30,quantile,0.4,76.75104459011779
2026-01-10,3,wk inc flu hosp,2026-02-07,30,quantile,0.45,85.11301769605612
2026-01-10,3,wk inc flu hosp,2026-02-07,30,quantile,0.5,94.21996838450515
2026-01-10,3,wk inc flu hosp,2026-02-07,30,quantile,0.55,104.29003188749489
2026-01-10,3,wk inc flu hosp,2026-02-07,30,quantile,0.6,115.61376933189864
2026-01-10,3,wk inc flu hosp,2026-02-07,30,quantile,0.65,128.5991272171554
2026-01-10,3,wk inc flu hosp,2026-02-07,30,quantile,0.7,143.85164607648937
2026-01-10,3,wk inc flu hosp,2026-02-07,30,quantile,0.75,162.33143500292445
2026-01-10,3,wk inc flu hosp,2026-02-07,30,quantile,0.8,185.69694152135312
2026-01-10,3,wk inc flu hosp,2026-02-07,30,quantile,0.85,217.18348774889358
2026-01-10,3,wk inc flu hosp,2026-02-07,30,quantile,0.9,264.4511787131206
2026-01-10,3,wk inc flu hosp,2026-02-07,30,quantile,0.95,353.9839555818203
2026-01-10,3,wk inc flu hosp,2026-02-07,30,quantile,0.975,455.7612761452476
2026-01-10,3,wk inc flu hosp,2026-02-07,30,quantile,0.99,611.3279461453711
2026-01-10,3,wk inc flu hosp,2026-02-07,31,quantile,0.01,13.180461574675794
2026-01-10,3,wk inc flu hosp,2026-02-07,31,quantile,0.025,18.008197931847587
2026-01-10,3,wk inc flu hosp,2026-02-07,31,quantile,0.05,23.45588947842829
2026-01-10,3,wk inc flu hosp,2026-02-07,31,quantile,0.1,31.70119900157061
2026-01-10,3,wk inc flu hosp,2026-02-07,31,quantile,0.15,38.78293933363767
2026-01-10,3,wk inc flu hosp,2026-02-07,31,quantile,0.2,45.48983758218921
2026-01-10,3,wk inc flu hosp,2026-02-07,31,quantile,0.25,52.138009334159136
2026-01-10,3,wk inc flu hosp,2026-02-07,31,quantile,0.3,58.91471625666292
2026-01-10,3,wk inc flu hosp,2026-02-07,31,quantile,0.35,65.96348954126125
2026-01-10,3,wk inc flu hosp,2026-02-07,31,quantile,0.4,73.41738252379518
2026-01-10,3,wk inc flu hosp,2026-02-07,31,quantile,0.45,81.41790183868109
2026-01-10,3,wk inc flu hosp,2026-02-07,31,quantile,0.5,90.13088972904269
2026-01-10,3,wk inc flu hosp,2026-02-07,31,quantile,0.55,99.76499009962951
2026-01-10,3,wk inc flu hosp,2026-02-07,31,quantile,0.6,110.59810760814439
2026-01-10,3,wk inc flu hosp,2026-02-07,31,quantile,0.65,123.02040454731232
2026-01-10,3,wk inc flu hosp,2026-02-07,31,quantile,0.7,137.61100547035275
2026-01-10,3,wk inc flu hosp,2026-02-07,31,quantile,0.75,155.2881102786866
2026-01-10,3,wk inc flu hosp,2026-02-07,31,quantile,0.8,177.6377301947945
2026-01-10,3,wk inc flu hosp,2026-02-07,31,quantile,0.85,207.75378244827039
2026-01-10,3,wk inc flu hosp,2026-02-07,31,quantile,0.9,252.96130161490603
2026-01-10,3,wk inc flu hosp,2026-02-07,31,quantile,0.95,338.5844207642642
2026-01-10,3,wk inc flu hosp,2026-02-07,31,quantile,0.975,435.90827992128914
2026-01-10,3,wk inc flu hosp,2026-02-07,31,quantile,0.99,584.6536487950539
2026-01-10,3,wk inc flu hosp,2026-02-07,32,quantile,0.01,52.276472993357466
2026-01-10,3,wk inc flu hosp,2026-02-07,32,quantile,0.025,61.82591027468469
2026-01-10,3,wk inc flu hosp,2026-02-07,32,quantile,0.05,71.39717139763609
2026-01-10,3,wk inc flu hosp,2026-02-07,32,quantile,0.1,84.25554455672201
2026-01-10,3,wk inc flu hosp,2026-02-07,32,quantile,0.15,94.19775210137726
2026-01-10,3,wk inc flu hosp,2026-02-07,32,quantile,0.2,102.92004412628704
2026-01-10,3,wk inc flu hosp,2026-02-07,32,quantile,0.25,111.03720039238864
2026-01-10,3,wk inc flu hosp,2026-02-07,32,quantile,0.3,118.86560029659407
2026-01-10,3,wk inc flu hosp,2026-02-07,32,quantile,0.35,126.6072435285982
2026-01-10,3,wk inc flu hosp,2026-02-07,32,quantile,0.4,134.41513696641633
2026-01-10,3,wk inc flu hosp,2026-02-07,32,quantile,0.45,142.42377902534528
2026-01-10,3,wk inc flu hosp,2026-02-07,32,quantile,0.5,150.76774245064564
2026-01-10,3,wk inc flu hosp,2026-02-07,32,quantile,0.55,159.59713253333763
2026-01-10,3,wk inc flu hosp,2026-02-07,32,quantile,0.6,169.0950733024619
2026-01-10,3,wk inc flu hosp,2026-02-07,32,quantile,0.65,179.50266592745146
2026-01-10,3,wk inc flu hosp,2026-02-07,32,quantile,0.7,191.16061648689703
2026-01-10,3,wk inc flu hosp,2026-02-07,32,quantile,0.75,204.58749743741637
2026-01-10,3,wk inc flu hosp,2026-02-07,32,quantile,0.8,220.64586093299292
2026-01-10,3,wk inc flu hosp,2026-02-07,32,quantile,0.85,240.95369260438946
2026-01-10,3,wk inc flu hosp,2026-02-07,32,quantile,0.9,269.1694976945569
2026-01-10,3,wk inc flu hosp,2026-02-07,32,quantile,0.95,317.1539720945174
2026-01-10,3,wk inc flu hosp,2026-02-07,32,quantile,0.975,365.623381147359
2026-01-10,3,wk inc flu hosp,2026-02-07,32,quantile,0.99,431.3380725942073
2026-01-10,3,wk inc flu hosp,2026-02-07,33,quantile,0.01,40.95391920392629
2026-01-10,3,wk inc flu hosp,2026-02-07,33,quantile,0.025,48.47386745939198
2026-01-10,3,wk inc flu hosp,2026-02-07,33,quantile,0.05,56.011001456269916
2026-01-10,3,wk inc flu hosp,2026-02-07,33,quantile,0.1,66.13665577046383
2026-01-10,3,wk inc flu hosp,2026-02-07,33,quantile,0.15,73.96590100013844
2026-01-10,3,wk inc flu hosp,2026-02-07,33,quantile,0.2,80.83449260025695
2026-01-10,3,wk inc flu hosp,2026-02-07,33,quantile,0.25,87.2265545934773
2026-01-10,3,wk inc flu hosp,2026-02-07,33,quantile,0.3,93.39122801542112
2026-01-10,3,wk inc flu hosp,2026-02-07,33,quantile,0.35,99.4875826802958
2026-01-10,3,wk inc flu hosp,2026-02-07,33,quantile,0.4,105.63610776160006
2026-01-10,3,wk inc flu hosp,2026-02-07,33,quantile,0.45,111.94271747120608
2026-01-10,3,wk inc flu hosp,2026-02-07,33,quantile,0.5,118.51338455401415
2026-01-10,3,wk inc flu hosp,2026-02-07,33,quantile,0.55,125.46631325474465
2026-01-10,3,wk inc flu hosp,2026-02-07,33,quantile,0.6,132.94570926658648
2026-01-10,3,wk inc flu hosp,2026-02-07,33,quantile,0.65,141.14143386251894
2026-01-10,3,wk inc flu hosp,2026-02-07,33,quantile,0.7,150.321784744893
2026-01-10,3,wk inc flu hosp,2026-02-07,33,quantile,0.75,160.8951250376909
2026-01-10,3,wk inc flu hosp,2026-02-07,33,quantile,0.8,173.54069346195007
2026-01-10,3,wk inc flu hosp,2026-02-07,33,quantile,0.85,189.53261412184307
2026-01-10,3,wk inc flu hosp,2026-02-07,33,quantile,0.9,211.75187039982924
2026-01-10,3,wk inc flu hosp,2026-02-07,33,quantile,0.95,249.53847016723145
2026-01-10,3,wk inc flu hosp,2026-02-07,33,quantile,0.975,287.7069441110397
2026-01-10,3,wk inc flu hosp,2026-02-07,33,quantile,0.99,339.4556560765589
2026-01-10,3,wk inc flu hosp,2026-02-07,34,quantile,0.01,319.8182467145072
2026-01-10,3,wk inc flu hosp,2026-02-07,34,quantile,0.025,379.6935103602248
2026-01-10,3,wk inc flu hosp,2026-02-07,34,quantile,0.05,440.05392177025993
2026-01-10,3,wk inc flu hosp,2026-02-07,34,quantile,0.1,521.6163471281179
2026-01-10,3,wk inc flu hosp,2026-02-07,34,quantile,0.15,585.0061335498026
2026-01-10,3,wk inc flu hosp,2026-02-07,34,quantile,0.2,640.826113782241
2026-01-10,3,wk inc flu hosp,2026-02-07,34,quantile,0.25,692.9336131954668
2026-01-10,3,wk inc flu hosp,2026-02-07,34,quantile,0.3,743.3233761929989
2026-01-10,3,wk inc flu hosp,2026-02-07,34,quantile,0.35,793.2776006596567
2026-01-10,3,wk inc flu hosp,2026-02-07,34,quantile,0.4,843.7758103439268
2026-01-10,3,wk inc flu hosp,2026-02-07,34,quantile,0.45,895.687129602492
2026-01-10,3,wk inc flu hosp,2026-02-07,34,quantile,0.5,949.8888975180581
2026-01-10,3,wk inc flu hosp,2026-02-07,34,quantile,0.55,1007.3669828337361
2026-01-10,3,wk inc flu hosp,2026-02-07,34,quantile,0.6,1069.3309497640478
2026-01-10,3,wk inc flu hosp,2026-02-07,34,quantile,0.65,1137.379950123443
2026-01-10,3,wk inc flu hosp,2026-02-07,34,quantile,0.7,1213.7807315252944
2026-01-10,3,wk inc flu hosp,2026-02-07,34,quantile,0.75,1301.9916381474036
2026-01-10,3,wk inc flu hosp,2026-02-07,34,quantile,0.8,1407.776732524601
2026-01-10,3,wk inc flu hosp,2026-02-07,34,quantile,0.85,1541.9696783988768
2026-01-10,3,wk inc flu hosp,2026-02-07,34,quantile,0.9,1729.121341193808
2026-01-10,3,wk inc flu hosp,2026-02-07,34,quantile,0.95,2049.0661048289912
2026-01-10,3,wk inc flu hosp,2026-02-07,34,quantile,0.975,2374.111922889185
2026-01-10,3,wk inc flu hosp,2026-02-07,34,quantile,0.99,2817.386125735975
2026-01-10,3,wk inc flu hosp,2026-02-07,35,quantile,0.01,15.200622659788383
2026-01-10,3,wk inc flu hosp,2026-02-07,35,quantile,0.025,20.656389410854107
2026-01-10,3,wk inc flu hosp,2026-02-07,35,quantile,0.05,26.797116239990267
2026-01-10,3,wk inc flu hosp,2026-02-07,35,quantile,0.1,36.06754178956962
2026-01-10,3,wk inc flu hosp,2026-02-07,35,quantile,0.15,44.011830317501044
2026-01-10,3,wk inc flu hosp,2026-02-07,35,quantile,0.2,51.52327262833829
2026-01-10,3,wk inc flu hosp,2026-02-07,35,quantile,0.25,58.9588577480771
2026-01-10,3,wk inc flu hosp,2026-02-07,35,quantile,0.3,66.52918989675528
2026-01-10,3,wk inc flu hosp,2026-02-07,35,quantile,0.35,74.39490835626005
2026-01-10,3,wk inc flu hosp,2026-02-07,35,quantile,0.4,82.70423697110328
2026-01-10,3,wk inc flu hosp,2026-02-07,35,quantile,0.45,91.61422890206212
2026-01-10,3,wk inc flu hosp,2026-02-07,35,quantile,0.5,101.30844661001086
2026-01-10,3,wk inc flu hosp,2026-02-07,35,quantile,0.55,112.0173880605552
2026-01-10,3,wk inc flu hosp,2026-02-07,35,quantile,0.6,124.04765142733348
2026-01-10,3,wk inc flu hosp,2026-02-07,35,quantile,0.65,137.82924558106936
2026-01-10,3,wk inc flu hosp,2026-02-07,35,quantile,0.7,153.99990839156172
2026-01-10,3,wk inc flu hosp,2026-02-07,35,quantile,0.75,173.57000751634772
2026-01-10,3,wk inc flu hosp,2026-02-07,35,quantile,0.8,198.28343616018498
2026-01-10,3,wk inc flu hosp,2026-02-07,35,quantile,0.85,231.5392718741269
2026-01-10,3,wk inc flu hosp,2026-02-07,35,quantile,0.9,281.3769190623464
2026-01-10,3,wk inc flu hosp,2026-02-07,35,quantile,0.95,375.55050823923557
2026-01-10,3,wk inc flu hosp,2026-02-07,35,quantile,0.975,482.3224065738036
2026-01-10,3,wk inc flu hosp,2026-02-07,35,quantile,0.99,645.0874046362218
2026-01-10,3,wk inc flu hosp,2026-02-07,36,quantile,0.01,507.131333023022
2026-01-10,3,wk inc flu hosp,2026-02-07,36,quantile,0.025,598.2103407491068
2026-01-10,3,wk inc flu hosp,2026-02-07,36,quantile,0.05,689.4974962205865
2026-01-10,3,wk inc flu hosp,2026-02-07,36,quantile,0.1,812.1359128937099
2026-01-10,3,wk inc flu hosp,2026-02-07,36,quantile,0.15,906.961018404863
2026-01-10,3,wk inc flu hosp,2026-02-07,36,quantile,0.2,990.1510200062467
2026-01-10,3,wk inc flu hosp,2026-02-07,36,quantile,0.25,1067.5694601189139
2026-01-10,3,wk inc flu hosp,2026-02-07,36,quantile,0.3,1142.2338486428532
2026-01-10,3,wk inc flu hosp,2026-02-07,36,quantile,0.35,1216.0707840525488
2026-01-10,3,wk inc flu hosp,2026-02-07,36,quantile,0.4,1290.5395894698083
2026-01-10,3,wk inc flu hosp,2026-02-07,36,quantile,0.45,1366.9230611312148
2026-01-10,3,wk inc flu hosp,2026-02-07,36,quantile,0.5,1446.5047042051067
2026-01-10,3,wk inc flu hosp,2026-02-07,36,quantile,0.55,1530.7161675476202
2026-01-10,3,wk inc flu hosp,2026-02-07,36,quantile,0.6,1621.304020549649
2026-01-10,3,wk inc flu hosp,2026-02-07,36,quantile,0.65,1720.567797165565
2026-01-10,3,wk inc flu hosp,2026-02-07,36,quantile,0.7,1831.757026205298
2026-01-10,3,wk inc flu hosp,2026-02-07,36,quantile,0.75,1959.8176603351035
2026-01-10,3,wk inc flu hosp,2026-02-07,36,quantile,0.8,2112.9764035986245
2026-01-10,3,wk inc flu hosp,2026-02-07,36,quantile,0.85,2306.6650056815824
2026-01-10,3,wk inc flu hosp,2026-02-07,36,quantile,0.9,2575.7769390967724
2026-01-10,3,wk inc flu hosp,2026-02-07,36,quantile,0.95,3033.435143015435
2026-01-10,3,wk inc flu hosp,2026-02-07,36,quantile,0.975,3495.718474645311
2026-01-10,3,wk inc flu hosp,2026-02-07,36,quantile,0.99,4122.480943854687
2026-01-10,3,wk inc flu hosp,2026-02-07,37,quantile,0.01,263.98906423495237
2026-01-10,3,wk inc flu hosp,2026-02-07,37,quantile,0.025,311.48651117489476
2026-01-10,3,wk inc flu hosp,2026-02-07,37,quantile,0.05,359.0925065799489
2026-01-10,3,wk inc flu hosp,2026-02-07,37,quantile,0.1,423.04809672261536
2026-01-10,3,wk inc flu hosp,2026-02-07,37,quantile,0.15,472.4991231450356
2026-01-10,3,wk inc flu hosp,2026-02-07,37,quantile,0.2,515.8824755293612
2026-01-10,3,wk inc flu hosp,2026-02-07,37,quantile,0.25,556.255974793686
2026-01-10,3,wk inc flu hosp,2026-02-07,37,quantile,0.3,595.1932438830087
2026-01-10,3,wk inc flu hosp,2026-02-07,37,quantile,0.35,633.6989984952819
2026-01-10,3,wk inc flu hosp,2026-02-07,37,quantile,0.4,672.5342715433235
2026-01-10,3,wk inc flu hosp,2026-02-07,37,quantile,0.45,712.3680376646818
2026-01-10,3,wk inc flu hosp,2026-02-07,37,quantile,0.5,753.8696412028268
2026-01-10,3,wk inc flu hosp,2026-02-07,37,quantile,0.55,797.7856830186886
2026-01-10,3,wk inc flu hosp,2026-02-07,37,quantile,0.6,845.026994148332
2026-01-10,3,wk inc flu hosp,2026-02-07,37,quantile,0.65,896.7927750959265
2026-01-10,3,wk inc flu hosp,2026-02-07,37,quantile,0.7,954.7776460169049
2026-01-10,3,wk inc flu hosp,2026-02-07,37,quantile,0.75,1021.560907347208
2026-01-10,3,wk inc flu hosp,2026-02-07,37,quantile,0.8,1101.4327621595207
2026-01-10,3,wk inc flu hosp,2026-02-07,37,quantile,0.85,1202.4408246098117
2026-01-10,3,wk inc flu hosp,2026-02-07,37,quantile,0.9,1342.7819426941774
2026-01-10,3,wk inc flu hosp,2026-02-07,37,quantile,0.95,1581.4494117407282
2026-01-10,3,wk inc flu hosp,2026-02-07,37,quantile,0.975,1822.5288719094785
2026-01-10,3,wk inc flu hosp,2026-02-07,37,quantile,0.99,2149.383740758625
2026-01-10,3,wk inc flu hosp,2026-02-07,38,quantile,0.01,15.899775863690014
2026-01-10,3,wk inc flu hosp,2026-02-07,38,quantile,0.025,21.655608869202315
2026-01-10,3,wk inc flu hosp,2026-02-07,38,quantile,0.05,28.151189685807864
2026-01-10,3,wk inc flu hosp,2026-02-07,38,quantile,0.1,37.983456207148734
2026-01-10,3,wk inc flu hosp,2026-02-07,38,quantile,0.15,46.428906541357996
2026-01-10,3,wk inc flu hosp,2026-02-07,38,quantile,0.2,54.42781817861705
2026-01-10,3,wk inc flu hosp,2026-02-07,38,quantile,0.25,62.35708754335811
2026-01-10,3,wk inc flu hosp,2026-02-07,38,quantile,0.3,70.44001613915376
2026-01-10,3,wk inc flu hosp,2026-02-07,38,quantile,0.35,78.84778964107763
2026-01-10,3,wk inc flu hosp,2026-02-07,38,quantile,0.4,87.73912425254849
2026-01-10,3,wk inc flu hosp,2026-02-07,38,quantile,0.45,97.28284313373553
2026-01-10,3,wk inc flu hosp,2026-02-07,38,quantile,0.5,107.67682257832548
2026-01-10,3,wk inc flu hosp,2026-02-07,38,quantile,0.55,119.17002550129563
2026-01-10,3,wk inc flu hosp,2026-02-07,38,quantile,0.6,132.09407620598245
2026-01-10,3,wk inc flu hosp,2026-02-07,38,quantile,0.65,146.9145737009213
2026-01-10,3,wk inc flu hosp,2026-02-07,38,quantile,0.7,164.32263574402853
2026-01-10,3,wk inc flu hosp,2026-02-07,38,quantile,0.75,185.41405758492724
2026-01-10,3,wk inc flu hosp,2026-02-07,38,quantile,0.8,212.08166465547708
2026-01-10,3,wk inc flu hosp,2026-02-07,38,quantile,0.85,248.01800667535832
2026-01-10,3,wk inc flu hosp,2026-02-07,38,quantile,0.9,301.96574277462383
2026-01-10,3,wk inc flu hosp,2026-02-07,38,quantile,0.95,404.15162135803985
2026-01-10,3,wk inc flu hosp,2026-02-07,38,quantile,0.975,520.3124853058375
2026-01-10,3,wk inc flu hosp,2026-02-07,38,quantile,0.99,697.8644027579438
2026-01-10,3,wk inc flu hosp,2026-02-07,39,quantile,0.01,742.2313372742196
2026-01-10,3,wk inc flu hosp,2026-02-07,39,quantile,0.025,875.450385796858
2026-01-10,3,wk inc flu hosp,2026-02-07,39,quantile,0.05,1008.9738869621631
2026-01-10,3,wk inc flu hosp,2026-02-07,39,quantile,0.1,1188.3541150675392
2026-01-10,3,wk inc flu hosp,2026-02-07,39,quantile,0.15,1327.0524896726536
2026-01-10,3,wk inc flu hosp,2026-02-07,39,quantile,0.2,1448.7324808871285
2026-01-10,3,wk inc flu hosp,2026-02-07,39,quantile,0.25,1561.9705495421367
2026-01-10,3,wk inc flu hosp,2026-02-07,39,quantile,0.3,1671.1803339481992
2026-01-10,3,wk inc flu hosp,2026-02-07,39,quantile,0.35,1779.1798228171365
2026-01-10,3,wk inc flu hosp,2026-02-07,39,quantile,0.4,1888.1035325718663
2026-01-10,3,wk inc flu hosp,2026-02-07,39,quantile,0.45,1999.82777805543
2026-01-10,3,wk inc flu hosp,2026-02-07,39,quantile,0.5,2116.2299110480994
2026-01-10,3,wk inc flu hosp,2026-02-07,39,quantile,0.55,2239.4039694977473
2026-01-10,3,wk inc flu hosp,2026-02-07,39,quantile,0.6,2371.9046179559837
2026-01-10,3,wk inc flu hosp,2026-02-07,39,quantile,0.65,2517.095328787024
2026-01-10,3,wk inc flu hosp,2026-02-07,39,quantile,0.7,2679.7291087156195
2026-01-10,3,wk inc flu hosp,2026-02-07,39,quantile,0.75,2867.0402823648296
2026-01-10,3,wk inc flu hosp,2026-02-07,39,quantile,0.8,3091.0618495721988
2026-01-10,3,wk inc flu hosp,2026-02-07,39,quantile,0.85,3374.365455127194
2026-01-10,3,wk inc flu hosp,2026-02-07,39,quantile,0.9,3767.988932267824
2026-01-10,3,wk inc flu hosp,2026-02-07,39,quantile,0.95,4437.394451682173
2026-01-10,3,wk inc flu hosp,2026-02-07,39,quantile,0.975,5113.565032863971
2026-01-10,3,wk inc flu hosp,2026-02-07,39,quantile,0.99,6030.3152465782505
2026-01-10,3,wk inc flu hosp,2026-02-07,40,quantile,0.01,35.10039901092894
2026-01-10,3,wk inc flu hosp,2026-02-07,40,quantile,0.025,41.57114447917222
2026-01-10,3,wk inc flu hosp,2026-02-07,40,quantile,0.05,48.05667788937784
2026-01-10,3,wk inc flu hosp,2026-02-07,40,quantile,0.1,56.769574513227106
2026-01-10,3,wk inc flu hosp,2026-02-07,40,quantile,0.15,63.50646303541349
2026-01-10,3,wk inc flu hosp,2026-02-07,40,quantile,0.2,69.41673082713358
2026-01-10,3,wk inc flu hosp,2026-02-07,40,quantile,0.25,74.91695566515665
2026-01-10,3,wk inc flu hosp,2026-02-07,40,quantile,0.3,80.22151777823365
2026-01-10,3,wk inc flu hosp,2026-02-07,40,quantile,0.35,85.46729314535399
2026-01-10,3,wk inc flu hosp,2026-02-07,40,quantile,0.4,90.75795997638073
2026-01-10,3,wk inc flu hosp,2026-02-07,40,quantile,0.45,96.18465505619747
2026-01-10,3,wk inc flu hosp,2026-02-07,40,quantile,0.5,101.83856553603529
2026-01-10,3,wk inc flu hosp,2026-02-07,40,quantile,0.55,107.82140349619945
2026-01-10,3,wk inc flu hosp,2026-02-07,40,quantile,0.6,114.25725467558038
2026-01-10,3,wk inc flu hosp,2026-02-07,40,quantile,0.65,121.30949040732953
2026-01-10,3,wk inc flu hosp,2026-02-07,40,quantile,0.7,129.20897479883834
2026-01-10,3,wk inc flu hosp,2026-02-07,40,quantile,0.75,138.30709508631352
2026-01-10,3,wk inc flu hosp,2026-02-07,40,quantile,0.8,149.188320833467
2026-01-10,3,wk inc flu hosp,2026-02-07,40,quantile,0.85,162.94900702745738
2026-01-10,3,wk inc flu hosp,2026-02-07,40,quantile,0.9,182.06817473768936
2026-01-10,3,wk inc flu hosp,2026-02-07,40,quantile,0.95,214.58268958525173
2026-01-10,3,wk inc flu hosp,2026-02-07,40,quantile,0.975,247.42579852847467
2026-01-10,3,wk inc flu hosp,2026-02-07,40,quantile,0.99,291.9543952771199
2026-01-10,3,wk inc flu hosp,2026-02-07,41,quantile,0.01,44.19462955037789
2026-01-10,3,wk inc flu hosp,2026-02-07,41,quantile,0.025,52.29545259844193
2026-01-10,3,wk inc flu hosp,2026-02-07,41,quantile,0.05,60.41478889226257
2026-01-10,3,wk inc flu hosp,2026-02-07,41,quantile,0.1,71.32259451253826
2026-01-10,3,wk inc flu hosp,2026-02-07,41,quantile,0.15,79.75660603108773
2026-01-10,3,wk inc flu hosp,2026-02-07,41,quantile,0.2,87.1557586916845
2026-01-10,3,wk inc flu hosp,2026-02-07,41,quantile,0.25,94.04157244468443
2026-01-10,3,wk inc flu hosp,2026-02-07,41,quantile,0.3,100.6824331053909
2026-01-10,3,wk inc flu hosp,2026-02-07,41,quantile,0.35,107.24969775943886
2026-01-10,3,wk inc flu hosp,2026-02-07,41,quantile,0.4,113.87316270868602
2026-01-10,3,wk inc flu hosp,2026-02-07,41,quantile,0.45,120.66692345745025
2026-01-10,3,wk inc flu hosp,2026-02-07,41,quantile,0.5,127.7451385644332
2026-01-10,3,wk inc flu hosp,2026-02-07,41,quantile,0.55,135.23514290448773
2026-01-10,3,wk inc flu hosp,2026-02-07,41,quantile,0.6,143.2922812703387
2026-01-10,3,wk inc flu hosp,2026-02-07,41,quantile,0.65,152.1210806778425
2026-01-10,3,wk inc flu hosp,2026-02-07,41,quantile,0.7,162.01056335655613
2026-01-10,3,wk inc flu hosp,2026-02-07,41,quantile,0.75,173.40063624391502
2026-01-10,3,wk inc flu hosp,2026-02-07,41,quantile,0.8,187.02300552985443
2026-01-10,3,wk inc flu hosp,2026-02-07,41,quantile,0.85,204.25021442325527
2026-01-10,3,wk inc flu hosp,2026-02-07,41,quantile,0.9,228.18578648476878
2026-01-10,3,wk inc flu hosp,2026-02-07,41,quantile,0.95,268.891194009516
2026-01-10,3,wk inc flu hosp,2026-02-07,41,quantile,0.975,310.0079733980846
2026-01-10,3,wk inc flu hosp,2026-02-07,41,quantile,0.99,365.7539897743561
2026-01-10,3,wk inc flu hosp,2026-02-07,42,quantile,0.01,873.211925044113
2026-01-10,3,wk inc flu hosp,2026-02-07,42,quantile,0.025,1029.9083330409026
2026-01-10,3,wk inc flu hosp,2026-02-07,42,quantile,0.05,1186.9628477502088
2026-01-10,3,wk inc flu hosp,2026-02-07,42,quantile,0.1,1397.9554777191931
2026-01-10,3,wk inc flu hosp,2026-02-07,42,quantile,0.15,1561.0968402843323
2026-01-10,3,wk inc flu hosp,2026-02-07,42,quantile,0.2,1704.2206484771905
2026-01-10,3,wk inc flu hosp,2026-02-07,42,quantile,0.25,1837.4148035436738
2026-01-10,3,wk inc flu hosp,2026-02-07,42,quantile,0.3,1965.8707647917815
2026-01-10,3,wk inc flu hosp,2026-02-07,42,quantile,0.35,2092.9031386071215
2026-01-10,3,wk inc flu hosp,2026-02-07,42,quantile,0.4,2221.022609910436
2026-01-10,3,wk inc flu hosp,2026-02-07,42,quantile,0.45,2352.4361588553606
2026-01-10,3,wk inc flu hosp,2026-02-07,42,quantile,0.5,2489.3519852735053
2026-01-10,3,wk inc flu hosp,2026-02-07,42,quantile,0.55,2634.2331620383025
2026-01-10,3,wk inc flu hosp,2026-02-07,42,quantile,0.6,2790.084565429183
2026-01-10,3,wk inc flu hosp,2026-02-07,42,quantile,0.65,2960.8624167501857
2026-01-10,3,wk inc flu hosp,2026-02-07,42,quantile,0.7,3152.1573510434655
2026-01-10,3,wk inc flu hosp,2026-02-07,42,quantile,0.75,3372.478607004894
2026-01-10,3,wk inc flu hosp,2026-02-07,42,quantile,0.8,3635.9797750772727
2026-01-10,3,wk inc flu hosp,2026-02-07,42,quantile,0.85,3969.21032923082
2026-01-10,3,wk inc flu hosp,2026-02-07,42,quantile,0.9,4432.202563863557
2026-01-10,3,wk inc flu hosp,2026-02-07,42,quantile,0.95,5219.578254867902
2026-01-10,3,wk inc flu hosp,2026-02-07,42,quantile,0.975,6014.911222932784
2026-01-10,3,wk inc flu hosp,2026-02-07,42,quantile,0.99,7093.221472948612
2026-01-10,3,wk inc flu hosp,2026-02-07,72,quantile,0.01,103.34481443414512
2026-01-10,3,wk inc flu hosp,2026-02-07,72,quantile,0.025,122.04789677210005
2026-01-10,3,wk inc flu hosp,2026-02-07,72,quantile,0.05,140.79372226808644
2026-01-10,3,wk inc flu hosp,2026-02-07,72,quantile,0.1,165.97753204049945
2026-01-10,3,wk inc flu hosp,2026-02-07,72,quantile,0.15,185.44987589183052
2026-01-10,3,wk inc flu hosp,2026-02-07,72,quantile,0.2,202.5329501203574
2026-01-10,3,wk inc flu hosp,2026-02-07,72,quantile,0.25,218.43083368380073
2026-01-10,3,wk inc flu hosp,2026-02-07,72,quantile,0.3,233.76317250852813
2026-01-10,3,wk inc flu hosp,2026-02-07,72,quantile,0.35,248.92559376264427
2026-01-10,3,wk inc flu hosp,2026-02-07,72,quantile,0.4,264.217769579018
2026-01-10,3,wk inc flu hosp,2026-02-07,72,quantile,0.45,279.9031222789353
2026-01-10,3,wk inc flu hosp,2026-02-07,72,quantile,0.5,296.2452197628813
2026-01-10,3,wk inc flu hosp,2026-02-07,72,quantile,0.55,313.53805125080737
2026-01-10,3,wk inc flu hosp,2026-02-07,72,quantile,0.6,332.14027492248965
2026-01-10,3,wk inc flu hosp,2026-02-07,72,quantile,0.65,352.5241002799999
2026-01-10,3,wk inc flu hosp,2026-02-07,72,quantile,0.7,375.3568183535003
2026-01-10,3,wk inc flu hosp,2026-02-07,72,quantile,0.75,401.65408096294476
2026-01-10,3,wk inc flu hosp,2026-02-07,72,quantile,0.8,433.10524251545405
2026-01-10,3,wk inc flu hosp,2026-02-07,72,quantile,0.85,472.8792141816326
2026-01-10,3,wk inc flu hosp,2026-02-07,72,quantile,0.9,528.1413736457288
2026-01-10,3,wk inc flu hosp,2026-02-07,72,quantile,0.95,622.1215265287495
2026-01-10,3,wk inc flu hosp,2026-02-07,72,quantile,0.975,717.0514497986703
2026-01-10,3,wk inc flu hosp,2026-02-07,72,quantile,0.99,845.7571786008269
2026-01-10,3,wk inc flu hosp,2026-02-07,44,quantile,0.01,11.240998671402247
2026-01-10,3,wk inc flu hosp,2026-02-07,44,quantile,0.025,15.410112166063538
2026-01-10,3,wk inc flu hosp,2026-02-07,44,quantile,0.05,20.115045083610596
2026-01-10,3,wk inc flu hosp,2026-02-07,44,quantile,0.1,27.236832388471907
2026-01-10,3,wk inc flu hosp,2026-02-07,44,quantile,0.15,33.35410861455497
2026-01-10,3,wk inc flu hosp,2026-02-07,44,quantile,0.2,39.14794360077692
2026-01-10,3,wk inc flu hosp,2026-02-07,44,quantile,0.25,44.89133412772883
2026-01-10,3,wk inc flu hosp,2026-02-07,44,quantile,0.3,50.74602376088583
2026-01-10,3,wk inc flu hosp,2026-02-07,44,quantile,0.35,56.83600705596448
2026-01-10,3,wk inc flu hosp,2026-02-07,44,quantile,0.4,63.276246540588126
2026-01-10,3,wk inc flu hosp,2026-02-07,44,quantile,0.45,70.1890254540987
2026-01-10,3,wk inc flu hosp,2026-02-07,44,quantile,0.5,77.71767098557109
2026-01-10,3,wk inc flu hosp,2026-02-07,44,quantile,0.55,86.04251372829911
2026-01-10,3,wk inc flu hosp,2026-02-07,44,quantile,0.6,95.40375813605999
2026-01-10,3,wk inc flu hosp,2026-02-07,44,quantile,0.65,106.13865013877361
2026-01-10,3,wk inc flu hosp,2026-02-07,44,quantile,0.7,118.74778495109136
2026-01-10,3,wk inc flu hosp,2026-02-07,44,quantile,0.75,134.02487655177018
2026-01-10,3,wk inc flu hosp,2026-02-07,44,quantile,0.8,153.3409492403668
2026-01-10,3,wk inc flu hosp,2026-02-07,44,quantile,0.85,179.37061578035915
2026-01-10,3,wk inc flu hosp,2026-02-07,44,quantile,0.9,218.44641807352377
2026-01-10,3,wk inc flu hosp,2026-02-07,44,quantile,0.95,292.4623961661483
2026-01-10,3,wk inc flu hosp,2026-02-07,44,quantile,0.975,376.6008148321529
2026-01-10,3,wk inc flu hosp,2026-02-07,44,quantile,0.99,505.2063881984552
2026-01-10,3,wk inc flu hosp,2026-02-07,45,quantile,0.01,308.726651981029
2026-01-10,3,wk inc flu hosp,2026-02-07,45,quantile,0.025,364.24300040403875
2026-01-10,3,wk inc flu hosp,2026-02-07,45,quantile,0.05,419.8862233181669
2026-01-10,3,wk inc flu hosp,2026-02-07,45,quantile,0.1,494.63931121463787
2026-01-10,3,wk inc flu hosp,2026-02-07,45,quantile,0.15,552.4390581402749
2026-01-10,3,wk inc flu hosp,2026-02-07,45,quantile,0.2,603.1467374345285
2026-01-10,3,wk inc flu hosp,2026-02-07,45,quantile,0.25,650.3364159671135
2026-01-10,3,wk inc flu hosp,2026-02-07,45,quantile,0.3,695.8473883807802
2026-01-10,3,wk inc flu hosp,2026-02-07,45,quantile,0.35,740.8539945684532
2026-01-10,3,wk inc flu hosp,2026-02-07,45,quantile,0.4,786.2457511477893
2026-01-10,3,wk inc flu hosp,2026-02-07,45,quantile,0.45,832.8045744418123
2026-01-10,3,wk inc flu hosp,2026-02-07,45,quantile,0.5,881.3128128961982
2026-01-10,3,wk inc flu hosp,2026-02-07,45,quantile,0.55,932.6431145414978
2026-01-10,3,wk inc flu hosp,2026-02-07,45,quantile,0.6,987.8600842440861
2026-01-10,3,wk inc flu hosp,2026-02-07,45,quantile,0.65,1048.3653811942497
2026-01-10,3,wk inc flu hosp,2026-02-07,45,quantile,0.7,1116.1397249686138
2026-01-10,3,wk inc flu hosp,2026-02-07,45,quantile,0.75,1194.197874273481
2026-01-10,3,wk inc flu hosp,2026-02-07,45,quantile,0.8,1287.5543388127048
2026-01-10,3,wk inc flu hosp,2026-02-07,45,quantile,0.85,1405.615395770439
2026-01-10,3,wk inc flu hosp,2026-02-07,45,quantile,0.9,1569.6500315582932
2026-01-10,3,wk inc flu hosp,2026-02-07,45,quantile,0.95,1848.6112646868858
2026-01-10,3,wk inc flu hosp,2026-02-07,45,quantile,0.975,2130.3917007023733
2026-01-10,3,wk inc flu hosp,2026-02-07,45,quantile,0.99,2512.4288406297173
2026-01-10,3,wk inc flu hosp,2026-02-07,46,quantile,0.01,10.361590851757288
2026-01-10,3,wk inc flu hosp,2026-02-07,46,quantile,0.025,14.231122115692989
2026-01-10,3,wk inc flu hosp,2026-02-07,46,quantile,0.05,18.59795208039239
2026-01-10,3,wk inc flu hosp,2026-02-07,46,quantile,0.1,25.207930378514884
2026-01-10,3,wk inc flu hosp,2026-02-07,46,quantile,0.15,30.88556626240871
2026-01-10,3,wk inc flu hosp,2026-02-07,46,quantile,0.2,36.262991833171746
2026-01-10,3,wk inc flu hosp,2026-02-07,46,quantile,0.25,41.59358670049263
2026-01-10,3,wk inc flu hosp,2026-02-07,46,quantile,0.3,47.02747074765893
2026-01-10,3,wk inc flu hosp,2026-02-07,46,quantile,0.35,52.67972676305106
2026-01-10,3,wk inc flu hosp,2026-02-07,46,quantile,0.4,58.65705385568573
2026-01-10,3,wk inc flu hosp,2026-02-07,46,quantile,0.45,65.07294495292028
2026-01-10,3,wk inc flu hosp,2026-02-07,46,quantile,0.5,72.06042360658083
2026-01-10,3,wk inc flu hosp,2026-02-07,46,quantile,0.55,79.78685612358366
2026-01-10,3,wk inc flu hosp,2026-02-07,46,quantile,0.6,88.47517774655078
2026-01-10,3,wk inc flu hosp,2026-02-07,46,quantile,0.65,98.43838799953019
2026-01-10,3,wk inc flu hosp,2026-02-07,46,quantile,0.7,110.14109101473395
2026-01-10,3,wk inc flu hosp,2026-02-07,46,quantile,0.75,124.31993455041196
2026-01-10,3,wk inc flu hosp,2026-02-07,46,quantile,0.8,142.24736783001066
2026-01-10,3,wk inc flu hosp,2026-02-07,46,quantile,0.85,166.4056986676769
2026-01-10,3,wk inc flu hosp,2026-02-07,46,quantile,0.9,202.67214886792257
2026-01-10,3,wk inc flu hosp,2026-02-07,46,quantile,0.95,271.3664939926805
2026-01-10,3,wk inc flu hosp,2026-02-07,46,quantile,0.975,349.45517047449476
2026-01-10,3,wk inc flu hosp,2026-02-07,46,quantile,0.99,468.81321253505945
2026-01-10,3,wk inc flu hosp,2026-02-07,47,quantile,0.01,117.89034492631008
2026-01-10,3,wk inc flu hosp,2026-02-07,47,quantile,0.025,139.20061245041424
2026-01-10,3,wk inc flu hosp,2026-02-07,47,quantile,0.05,160.55958147280714
2026-01-10,3,wk inc flu hosp,2026-02-07,47,quantile,0.1,189.25398134919416
2026-01-10,3,wk inc flu hosp,2026-02-07,47,quantile,0.15,211.44074443428806
2026-01-10,3,wk inc flu hosp,2026-02-07,47,quantile,0.2,230.9051768399171
2026-01-10,3,wk inc flu hosp,2026-02-07,47,quantile,0.25,249.01920455376182
2026-01-10,3,wk inc flu hosp,2026-02-07,47,quantile,0.3,266.4888513328968
2026-01-10,3,wk inc flu hosp,2026-02-07,47,quantile,0.35,283.764894254585
2026-01-10,3,wk inc flu hosp,2026-02-07,47,quantile,0.4,301.1887793545954
2026-01-10,3,wk inc flu hosp,2026-02-07,47,quantile,0.45,319.0606496808486
2026-01-10,3,wk inc flu hosp,2026-02-07,47,quantile,0.5,337.6808141540141
2026-01-10,3,wk inc flu hosp,2026-02-07,47,quantile,0.55,357.38424370632464
2026-01-10,3,wk inc flu hosp,2026-02-07,47,quantile,0.6,378.5795929981526
2026-01-10,3,wk inc flu hosp,2026-02-07,47,quantile,0.65,401.8048969177984
2026-01-10,3,wk inc flu hosp,2026-02-07,47,quantile,0.7,427.8204659912083
2026-01-10,3,wk inc flu hosp,2026-02-07,47,quantile,0.75,457.7835325720381
2026-01-10,3,wk inc flu hosp,2026-02-07,47,quantile,0.8,493.6189448595444
2026-01-10,3,wk inc flu hosp,2026-02-07,47,quantile,0.85,538.9373560918121
2026-01-10,3,wk inc flu hosp,2026-02-07,47,quantile,0.9,601.9029882191828
2026-01-10,3,wk inc flu hosp,2026-02-07,47,quantile,0.95,708.983851346708
2026-01-10,3,wk inc flu hosp,2026-02-07,47,quantile,0.975,817.1468816093387
2026-01-10,3,wk inc flu hosp,2026-02-07,47,quantile,0.99,963.7940204658455
2026-01-10,3,wk inc flu hosp,2026-02-07,48,quantile,0.01,871.7373697260535
2026-01-10,3,wk inc flu hosp,2026-02-07,48,quantile,0.025,1028.1694739366408
2026-01-10,3,wk inc flu hosp,2026-02-07,48,quantile,0.05,1184.9590808321143
2026-01-10,3,wk inc flu hosp,2026-02-07,48,quantile,0.1,1395.5958242069225
2026-01-10,3,wk inc flu hosp,2026-02-07,48,quantile,0.15,1558.4620121183257
2026-01-10,3,wk inc flu hosp,2026-02-07,48,quantile,0.2,1701.3444097716274
2026-01-10,3,wk inc flu hosp,2026-02-07,48,quantile,0.25,1834.3139028950952
2026-01-10,3,wk inc flu hosp,2026-02-07,48,quantile,0.3,1962.5531942312873
2026-01-10,3,wk inc flu hosp,2026-02-07,48,quantile,0.35,2089.3712993355643
2026-01-10,3,wk inc flu hosp,2026-02-07,48,quantile,0.4,2217.274668293046
2026-01-10,3,wk inc flu hosp,2026-02-07,48,quantile,0.45,2348.4665586882406
2026-01-10,3,wk inc flu hosp,2026-02-07,48,quantile,0.5,2485.15144572637
2026-01-10,3,wk inc flu hosp,2026-02-07,48,quantile,0.55,2629.7882477536864
2026-01-10,3,wk inc flu hosp,2026-02-07,48,quantile,0.6,2785.3767726489605
2026-01-10,3,wk inc flu hosp,2026-02-07,48,quantile,0.65,2955.8665686579066
2026-01-10,3,wk inc flu hosp,2026-02-07,48,quantile,0.7,3146.8388409574504
2026-01-10,3,wk inc flu hosp,2026-02-07,48,quantile,0.75,3366.7884754957977
2026-01-10,3,wk inc flu hosp,2026-02-07,48,quantile,0.8,3629.845189497527
2026-01-10,3,wk inc flu hosp,2026-02-07,48,quantile,0.85,3962.5136752650405
2026-01-10,3,wk inc flu hosp,2026-02-07,48,quantile,0.9,4424.724969210231
2026-01-10,3,wk inc flu hosp,2026-02-07,48,quantile,0.95,5210.772573764126
2026-01-10,3,wk inc flu hosp,2026-02-07,48,quantile,0.975,6004.7640336384875
2026-01-10,3,wk inc flu hosp,2026-02-07,48,quantile,0.99,7081.255470540323
2026-01-10,3,wk inc flu hosp,2026-02-07,US,quantile,0.01,13356.59370909345
2026-01-10,3,wk inc flu hosp,2026-02-07,US,quantile,0.025,15750.849488193959
2026-01-10,3,wk inc flu hosp,2026-02-07,US,quantile,0.05,18150.576988547924
2026-01-10,3,wk inc flu hosp,2026-02-07,US,quantile,0.1,21374.45640039258
2026-01-10,3,wk inc flu hosp,2026-02-07,US,quantile,0.15,23867.188398052152
2026-01-10,3,wk inc flu hosp,2026-02-07,US,quantile,0.2,26054.060511289397
2026-01-10,3,wk inc flu hosp,2026-02-07,US,quantile,0.25,28089.21166495768
2026-01-10,3,wk inc flu hosp,2026-02-07,US,quantile,0.3,30051.965192686886
2026-01-10,3,wk inc flu hosp,2026-02-07,US,quantile,0.35,31992.966898012943
2026-01-10,3,wk inc flu hosp,2026-02-07,US,quantile,0.4,33950.57899968626
2026-01-10,3,wk inc flu hosp,2026-02-07,US,quantile,0.45,35958.52323424682
2026-01-10,3,wk inc flu hosp,2026-02-07,US,quantile,0.5,38050.53997440513
2026-01-10,3,wk inc flu hosp,2026-02-07,US,quantile,0.55,40264.263946680876
2026-01-10,3,wk inc flu hosp,2026-02-07,US,quantile,0.6,42645.608407730666
2026-01-10,3,wk inc flu hosp,2026-02-07,US,quantile,0.65,45255.022769520285
2026-01-10,3,wk inc flu hosp,2026-02-07,US,quantile,0.7,48177.92960446012
2026-01-10,3,wk inc flu hosp,2026-02-07,US,quantile,0.75,51544.34653186756
2026-01-10,3,wk inc flu hosp,2026-02-07,US,quantile,0.8,55570.53451232181
2026-01-10,3,wk inc flu hosp,2026-02-07,US,quantile,0.85,60662.15843819611
2026-01-10,3,wk inc flu hosp,2026-02-07,US,quantile,0.9,67736.48673722633
2026-01-10,3,wk inc flu hosp,2026-02-07,US,quantile,0.95,79767.25899684992
2026-01-10,3,wk inc flu hosp,2026-02-07,US,quantile,0.975,91919.615132145
2026-01-10,3,wk inc flu hosp,2026-02-07,US,quantile,0.99,108395.74614732827
2026-01-10,3,wk inc flu hosp,2026-02-07,49,quantile,0.01,38.04935686089511
2026-01-10,3,wk inc flu hosp,2026-02-07,49,quantile,0.025,45.048682515687915
2026-01-10,3,wk inc flu hosp,2026-02-07,49,quantile,0.05,52.06400410511708
2026-01-10,3,wk inc flu hosp,2026-02-07,49,quantile,0.1,61.4886370421042
2026-01-10,3,wk inc flu hosp,2026-02-07,49,quantile,0.15,68.77584635952152
2026-01-10,3,wk inc flu hosp,2026-02-07,49,quantile,0.2,75.16891021658479
2026-01-10,3,wk inc flu hosp,2026-02-07,49,quantile,0.25,81.11843566227584
2026-01-10,3,wk inc flu hosp,2026-02-07,49,quantile,0.3,86.85631514891584
2026-01-10,3,wk inc flu hosp,2026-02-07,49,quantile,0.35,92.5306057366947
2026-01-10,3,wk inc flu hosp,2026-02-07,49,quantile,0.4,98.25345486792781
2026-01-10,3,wk inc flu hosp,2026-02-07,49,quantile,0.45,104.12344408003806
2026-01-10,3,wk inc flu hosp,2026-02-07,49,quantile,0.5,110.23920939110575
2026-01-10,3,wk inc flu hosp,2026-02-07,49,quantile,0.55,116.71077150532594
2026-01-10,3,wk inc flu hosp,2026-02-07,49,quantile,0.6,123.67235243774655
2026-01-10,3,wk inc flu hosp,2026-02-07,49,quantile,0.65,131.30066894673746
2026-01-10,3,wk inc flu hosp,2026-02-07,49,quantile,0.7,139.84544389306734
2026-01-10,3,wk inc flu hosp,2026-02-07,49,quantile,0.75,149.68676852112515
2026-01-10,3,wk inc flu hosp,2026-02-07,49,quantile,0.8,161.4568563574375
2026-01-10,3,wk inc flu hosp,2026-02-07,49,quantile,0.85,176.34162108475385
2026-01-10,3,wk inc flu hosp,2026-02-07,49,quantile,0.9,197.02258925283783
2026-01-10,3,wk inc flu hosp,2026-02-07,49,quantile,0.95,232.19313939154847
2026-01-10,3,wk inc flu hosp,2026-02-07,49,quantile,0.975,267.71912571532584
2026-01-10,3,wk inc flu hosp,2026-02-07,49,quantile,0.99,315.88516023550767
2026-01-10,3,wk inc flu hosp,2026-02-07,50,quantile,0.01,6.136369546112439
2026-01-10,3,wk inc flu hosp,2026-02-07,50,quantile,0.025,8.56690895889142
2026-01-10,3,wk inc flu hosp,2026-02-07,50,quantile,0.05,11.309821918118203
2026-01-10,3,wk inc flu hosp,2026-02-07,50,quantile,0.1,15.461725194287403
2026-01-10,3,wk inc flu hosp,2026-02-07,50,quantile,0.15,19.02800982653464
2026-01-10,3,wk inc flu hosp,2026-02-07,50,quantile,0.2,22.405731033953924
2026-01-10,3,wk inc flu hosp,2026-02-07,50,quantile,0.25,25.754042382750377
2026-01-10,3,wk inc flu hosp,2026-02-07,50,quantile,0.3,29.167238136929505
2026-01-10,3,wk inc flu hosp,2026-02-07,50,quantile,0.35,32.7176052946217
2026-01-10,3,wk inc flu hosp,2026-02-07,50,quantile,0.4,36.4721652137924
2026-01-10,3,wk inc flu hosp,2026-02-07,50,quantile,0.45,40.50220702678735
2026-01-10,3,wk inc flu hosp,2026-02-07,50,quantile,0.5,44.89128807173355
2026-01-10,3,wk inc flu hosp,2026-02-07,50,quantile,0.55,49.744537983811846
2026-01-10,3,wk inc flu hosp,2026-02-07,50,quantile,0.6,55.20199176821719
2026-01-10,3,wk inc flu hosp,2026-02-07,50,quantile,0.65,61.46025785285422
2026-01-10,3,wk inc flu hosp,2026-02-07,50,quantile,0.7,68.81117433832111
2026-01-10,3,wk inc flu hosp,2026-02-07,50,quantile,0.75,77.71746223444276
2026-01-10,3,wk inc flu hosp,2026-02-07,50,quantile,0.8,88.97840391431116
2026-01-10,3,wk inc flu hosp,2026-02-07,50,quantile,0.85,104.15324982977741
2026-01-10,3,wk inc flu hosp,2026-02-07,50,quantile,0.9,126.9337551822131
2026-01-10,3,wk inc flu hosp,2026-02-07,50,quantile,0.95,170.08373580799753
2026-01-10,3,wk inc flu hosp,2026-02-07,50,quantile,0.975,219.1348763673058
2026-01-10,3,wk inc flu hosp,2026-02-07,50,quantile,0.99,294.1094821077603
2026-01-10,3,wk inc flu hosp,2026-02-07,51,quantile,0.01,264.5898630406006
2026-01-10,3,wk inc flu hosp,2026-02-07,51,quantile,0.025,312.194998988296
2026-01-10,3,wk inc flu hosp,2026-02-07,51,quantile,0.05,359.90892950857324
2026-01-10,3,wk inc flu hosp,2026-02-07,51,quantile,0.1,424.00952353010985
2026-01-10,3,wk inc flu hosp,2026-02-07,51,quantile,0.15,473.5726682306879
2026-01-10,3,wk inc flu hosp,2026-02-07,51,quantile,0.2,517.054381905404
2026-01-10,3,wk inc flu hosp,2026-02-07,51,quantile,0.25,557.5194183439435
2026-01-10,3,wk inc flu hosp,2026-02-07,51,quantile,0.3,596.5449683018808
2026-01-10,3,wk inc flu hosp,2026-02-07,51,quantile,0.35,635.1380254277443
2026-01-10,3,wk inc flu hosp,2026-02-07,51,quantile,0.4,674.0613480929716
2026-01-10,3,wk inc flu hosp,2026-02-07,51,quantile,0.45,713.9854276737901
2026-01-10,3,wk inc flu hosp,2026-02-07,51,quantile,0.5,755.5811260905679
2026-01-10,3,wk inc flu hosp,2026-02-07,51,quantile,0.55,799.5967369416575
2026-01-10,3,wk inc flu hosp,2026-02-07,51,quantile,0.6,846.9451563528668
2026-01-10,3,wk inc flu hosp,2026-02-07,51,quantile,0.65,898.828303726342
2026-01-10,3,wk inc flu hosp,2026-02-07,51,quantile,0.7,956.9446413600905
2026-01-10,3,wk inc flu hosp,2026-02-07,51,quantile,0.75,1023.879317631838
2026-01-10,3,wk inc flu hosp,2026-02-07,51,quantile,0.8,1103.9322626152289
2026-01-10,3,wk inc flu hosp,2026-02-07,51,quantile,0.85,1205.1693364907883
2026-01-10,3,wk inc flu hosp,2026-02-07,51,quantile,0.9,1345.8286442195902
2026-01-10,3,wk inc flu hosp,2026-02-07,51,quantile,0.95,1585.0372342016944
2026-01-10,3,wk inc flu hosp,2026-02-07,51,quantile,0.975,1826.6632839142583
2026-01-10,3,wk inc flu hosp,2026-02-07,51,quantile,0.99,2154.259217363153
2026-01-10,3,wk inc flu hosp,2026-02-07,53,quantile,0.01,164.30314777802235
2026-01-10,3,wk inc flu hosp,2026-02-07,53,quantile,0.025,193.93258744286288
2026-01-10,3,wk inc flu hosp,2026-02-07,53,quantile,0.05,223.62974085665095
2026-01-10,3,wk inc flu hosp,2026-02-07,53,quantile,0.1,263.5259546838378
2026-01-10,3,wk inc flu hosp,2026-02-07,53,quantile,0.15,294.37405912196056
2026-01-10,3,wk inc flu hosp,2026-02-07,53,quantile,0.2,321.4370804998302
2026-01-10,3,wk inc flu hosp,2026-02-07,53,quantile,0.25,346.62252177256585
2026-01-10,3,wk inc flu hosp,2026-02-07,53,quantile,0.3,370.91202656751864
2026-01-10,3,wk inc flu hosp,2026-02-07,53,quantile,0.35,394.9323477960703
2026-01-10,3,wk inc flu hosp,2026-02-07,53,quantile,0.4,419.1582263174886
2026-01-10,3,wk inc flu hosp,2026-02-07,53,quantile,0.45,444.00697600730905
2026-01-10,3,wk inc flu hosp,2026-02-07,53,quantile,0.5,469.8961413677639
2026-01-10,3,wk inc flu hosp,2026-02-07,53,quantile,0.55,497.2914603824256
2026-01-10,3,wk inc flu hosp,2026-02-07,53,quantile,0.6,526.7611196585044
2026-01-10,3,wk inc flu hosp,2026-02-07,53,quantile,0.65,559.0531939089265
2026-01-10,3,wk inc flu hosp,2026-02-07,53,quantile,0.7,595.2248061768253
2026-01-10,3,wk inc flu hosp,2026-02-07,53,quantile,0.75,636.8849529781786
2026-01-10,3,wk inc flu hosp,2026-02-07,53,quantile,0.8,686.7099110664037
2026-01-10,3,wk inc flu hosp,2026-02-07,53,quantile,0.85,749.7198723347972
2026-01-10,3,wk inc flu hosp,2026-02-07,53,quantile,0.9,837.2662344800045
2026-01-10,3,wk inc flu hosp,2026-02-07,53,quantile,0.95,986.1496762156531
2026-01-10,3,wk inc flu hosp,2026-02-07,53,quantile,0.975,1136.5377450424737
2026-01-10,3,wk inc flu hosp,2026-02-07,53,quantile,0.99,1340.4334750165635
2026-01-10,3,wk inc flu hosp,2026-02-07,54,quantile,0.01,98.82319306896419
2026-01-10,3,wk inc flu hosp,2026-02-07,54,quantile,0.025,121.70536104194632
2026-01-10,3,wk inc flu hosp,2026-02-07,54,quantile,0.05,145.53861119067096
2026-01-10,3,wk inc flu hosp,2026-02-07,54,quantile,0.1,178.81677875091273
2026-01-10,3,wk inc flu hosp,2026-02-07,54,quantile,0.15,205.4409619165425
2026-01-10,3,wk inc flu hosp,2026-02-07,54,quantile,0.2,229.38525497195474
2026-01-10,3,wk inc flu hosp,2026-02-07,54,quantile,0.25,252.12887682247185
2026-01-10,3,wk inc flu hosp,2026-02-07,54,quantile,0.3,274.4606021680022
2026-01-10,3,wk inc flu hosp,2026-02-07,54,quantile,0.35,296.9092627204421
2026-01-10,3,wk inc flu hosp,2026-02-07,54,quantile,0.4,319.9001671881845
2026-01-10,3,wk inc flu hosp,2026-02-07,54,quantile,0.45,343.83152335683735
2026-01-10,3,wk inc flu hosp,2026-02-07,54,quantile,0.5,369.1252612945689
2026-01-10,3,wk inc flu hosp,2026-02-07,54,quantile,0.55,396.27432026743844
2026-01-10,3,wk inc flu hosp,2026-02-07,54,quantile,0.6,425.90133273765684
2026-01-10,3,wk inc flu hosp,2026-02-07,54,quantile,0.65,458.8470950429184
2026-01-10,3,wk inc flu hosp,2026-02-07,54,quantile,0.7,496.3223320147309
2026-01-10,3,wk inc flu hosp,2026-02-07,54,quantile,0.75,540.1974752467719
2026-01-10,3,wk inc flu hosp,2026-02-07,54,quantile,0.8,593.6244652898871
2026-01-10,3,wk inc flu hosp,2026-02-07,54,quantile,0.85,662.5926696745129
2026-01-10,3,wk inc flu hosp,2026-02-07,54,quantile,0.9,760.8460857767842
2026-01-10,3,wk inc flu hosp,2026-02-07,54,quantile,0.95,933.857427235493
2026-01-10,3,wk inc flu hosp,2026-02-07,54,quantile,0.975,1115.4362166828432
2026-01-10,3,wk inc flu hosp,2026-02-07,54,quantile,0.99,1371.3535066017134
2026-01-10,3,wk inc flu hosp,2026-02-07,55,quantile,0.01,58.873164422119956
2026-01-10,3,wk inc flu hosp,2026-02-07,55,quantile,0.025,77.33637375026089
2026-01-10,3,wk inc flu hosp,2026-02-07,55,quantile,0.05,97.70946093198278
2026-01-10,3,wk inc flu hosp,2026-02-07,55,quantile,0.1,127.85703979060045
2026-01-10,3,wk inc flu hosp,2026-02-07,55,quantile,0.15,153.24237384955276
2026-01-10,3,wk inc flu hosp,2026-02-07,55,quantile,0.2,176.93917323466746
2026-01-10,3,wk inc flu hosp,2026-02-07,55,quantile,0.25,200.15010902275236
2026-01-10,3,wk inc flu hosp,2026-02-07,55,quantile,0.3,223.5635442851303
2026-01-10,3,wk inc flu hosp,2026-02-07,55,quantile,0.35,247.68561653075466
2026-01-10,3,wk inc flu hosp,2026-02-07,55,quantile,0.4,272.9667546101568
2026-01-10,3,wk inc flu hosp,2026-02-07,55,quantile,0.45,299.87008980560125
2026-01-10,3,wk inc flu hosp,2026-02-07,55,quantile,0.5,328.92496699071813
2026-01-10,3,wk inc flu hosp,2026-02-07,55,quantile,0.55,360.78565943247173
2026-01-10,3,wk inc flu hosp,2026-02-07,55,quantile,0.6,396.31274693791266
2026-01-10,3,wk inc flu hosp,2026-02-07,55,quantile,0.65,436.7031746440592
2026-01-10,3,wk inc flu hosp,2026-02-07,55,quantile,0.7,483.7201899593196
2026-01-10,3,wk inc flu hosp,2026-02-07,55,quantile,0.75,540.1405659815687
2026-01-10,3,wk inc flu hosp,2026-02-07,55,quantile,0.8,610.7286141386846
2026-01-10,3,wk inc flu hosp,2026-02-07,55,quantile,0.85,704.710636624399
2026-01-10,3,wk inc flu hosp,2026-02-07,55,quantile,0.9,843.7383551625451
2026-01-10,3,wk inc flu hosp,2026-02-07,55,quantile,0.95,1101.7360783464453
2026-01-10,3,wk inc flu hosp,2026-02-07,55,quantile,0.975,1388.526711956895
2026-01-10,3,wk inc flu hosp,2026-02-07,55,quantile,0.99,1817.0178865510566
2026-01-10,3,wk inc flu hosp,2026-02-07,56,quantile,0.01,9.500885328753126
2026-01-10,3,wk inc flu hosp,2026-02-07,56,quantile,0.025,13.077343859637427
2026-01-10,3,wk inc flu hosp,2026-02-07,56,quantile,0.05,17.113453988433612
2026-01-10,3,wk inc flu hosp,2026-02-07,56,quantile,0.1,23.222855506746512
2026-01-10,3,wk inc flu hosp,2026-02-07,56,quantile,0.15,28.470541572163814
2026-01-10,3,wk inc flu hosp,2026-02-07,56,quantile,0.2,33.44076530481378
2026-01-10,3,wk inc flu hosp,2026-02-07,56,quantile,0.25,38.36771599385224
2026-01-10,3,wk inc flu hosp,2026-02-07,56,quantile,0.3,43.390144815255226
2026-01-10,3,wk inc flu hosp,2026-02-07,56,quantile,0.35,48.61442012868976
2026-01-10,3,wk inc flu hosp,2026-02-07,56,quantile,0.4,54.1391622353176
2026-01-10,3,wk inc flu hosp,2026-02-07,56,quantile,0.45,60.06927152357659
2026-01-10,3,wk inc flu hosp,2026-02-07,56,quantile,0.5,66.52770091351758
2026-01-10,3,wk inc flu hosp,2026-02-07,56,quantile,0.55,73.66914664120462
2026-01-10,3,wk inc flu hosp,2026-02-07,56,quantile,0.6,81.69966763740071
2026-01-10,3,wk inc flu hosp,2026-02-07,56,quantile,0.65,90.90856970287646
2026-01-10,3,wk inc flu hosp,2026-02-07,56,quantile,0.7,101.72528755297915
2026-01-10,3,wk inc flu hosp,2026-02-07,56,quantile,0.75,114.83070735872977
2026-01-10,3,wk inc flu hosp,2026-02-07,56,quantile,0.8,131.40096003407143
2026-01-10,3,wk inc flu hosp,2026-02-07,56,quantile,0.85,153.730457853974
2026-01-10,3,wk inc flu hosp,2026-02-07,56,quantile,0.9,187.25156222376168
2026-01-10,3,wk inc flu hosp,2026-02-07,56,quantile,0.95,250.7460443257962
2026-01-10,3,wk inc flu hosp,2026-02-07,56,quantile,0.975,322.9240609686239
2026-01-10,3,wk inc flu hosp,2026-02-07,56,quantile,0.99,433.2481845963491
