location,horizon,forecast_date,target_date,week_of_season,season_year,actual,predicted,residual_log
Alabama,3,2025-11-01,2025-11-22,0,2025,37.0,23.217366336493498,0.4505161667173816
Alabama,3,2025-11-08,2025-11-29,1,2025,46.0,26.632273320483833,0.5311631889069202
Alabama,3,2025-11-15,2025-12-06,2,2025,67.0,27.358514444617768,0.8745803869498325
Alabama,3,2025-11-22,2025-12-13,3,2025,104.0,38.867871605805576,0.9683895735399517
Alabama,3,2025-11-29,2025-12-20,4,2025,275.0,39.67766673201807,1.6
Alabama,3,2025-12-06,2025-12-27,5,2025,498.0,48.89184663576435,1.6
Alabama,3,2025-12-13,2026-01-03,6,2025,495.0,65.63365960431116,1.6
Alabama,3,2025-12-20,2026-01-10,7,2025,313.0,92.5961686748732,1.2104035362232395
Alabama,3,2025-12-27,2026-01-17,8,2025,206.0,238.8596856167564,-0.14733531584259385
Alabama,3,2026-01-03,2026-01-24,9,2025,248.0,390.00602385566856,-0.4512700696824652
Alabama,3,2026-01-10,2026-01-31,10,2025,259.0,324.17320474013434,-0.22367634701532157
Alaska,3,2025-11-01,2025-11-22,0,2025,3.0,2.7860498861308343,0.054971131945497076
Alaska,3,2025-11-08,2025-11-29,1,2025,8.0,2.1922217862405806,1.0365074182574692
Alaska,3,2025-11-15,2025-12-06,2,2025,13.0,4.336536191003703,0.9644805404798633
Alaska,3,2025-11-22,2025-12-13,3,2025,13.0,2.3846626092448417,1.4198031005244418
Alaska,3,2025-11-29,2025-12-20,4,2025,45.0,4.135822834014299,1.6
Alaska,3,2025-12-06,2025-12-27,5,2025,86.0,8.439645426328056,1.6
Alaska,3,2025-12-13,2026-01-03,6,2025,75.0,12.543194882922682,1.6
Alaska,3,2025-12-20,2026-01-10,7,2025,46.0,12.425556351661129,1.2529875207092878
Alaska,3,2025-12-27,2026-01-17,8,2025,35.0,36.933837856007244,-0.0523245947258002
Alaska,3,2026-01-03,2026-01-24,9,2025,26.0,78.42767262721907,-1.0790099632825507
Alaska,3,2026-01-10,2026-01-31,10,2025,26.0,64.68364591844619,-0.8890131079287729
Arizona,3,2025-11-01,2025-11-22,0,2025,47.0,14.913692093304862,1.1040211343045585
Arizona,3,2025-11-08,2025-11-29,1,2025,47.0,9.887117517316137,1.4836207997880448
Arizona,3,2025-11-15,2025-12-06,2,2025,41.0,19.339601451348422,0.7250998221839122
Arizona,3,2025-11-22,2025-12-13,3,2025,80.0,17.409492061376397,1.4815827501732883
Arizona,3,2025-11-29,2025-12-20,4,2025,132.0,56.15213161861101,0.844632440013152
Arizona,3,2025-12-06,2025-12-27,5,2025,315.0,43.41166994850565,1.6
Arizona,3,2025-12-13,2026-01-03,6,2025,355.99999999999994,40.88092701571702,1.6
Arizona,3,2025-12-20,2026-01-10,7,2025,223.0,92.09226576430143,0.8780549455201943
Arizona,3,2025-12-27,2026-01-17,8,2025,145.0,143.16027639354007,0.012680910580861848
Arizona,3,2026-01-03,2026-01-24,9,2025,198.0,367.15157620190735,-0.6151899204932842
Arizona,3,2026-01-10,2026-01-31,10,2025,260.0,348.4632686322002,-0.2918780519245283
Arkansas,3,2025-11-01,2025-11-22,0,2025,18.0,13.385593487537873,0.2782117256251926
Arkansas,3,2025-11-08,2025-11-29,1,2025,78.0,18.949167819900413,1.3762604232893723
Arkansas,3,2025-11-15,2025-12-06,2,2025,56.00000000000001,17.443169488087815,1.128357183343227
Arkansas,3,2025-11-22,2025-12-13,3,2025,85.0,22.08501538780848,1.3151635737230434
Arkansas,3,2025-11-29,2025-12-20,4,2025,145.0,24.687369061744562,1.6
Arkansas,3,2025-12-06,2025-12-27,5,2025,297.0,81.13136231959267,1.288773541534332
Arkansas,3,2025-12-13,2026-01-03,6,2025,275.0,45.39363952323925,1.6
Arkansas,3,2025-12-20,2026-01-10,7,2025,162.0,76.84690137852863,0.739006105778385
Arkansas,3,2025-12-27,2026-01-17,8,2025,140.0,128.20428433572252,0.08736513908625554
Arkansas,3,2026-01-03,2026-01-24,9,2025,165.0,264.9441004790058,-0.4712983497656831
Arkansas,3,2026-01-10,2026-01-31,10,2025,199.0,200.27076237413172,-0.006333711505710937
California,3,2025-11-01,2025-11-22,0,2025,148.0,146.03612630633222,0.013267992174140097
California,3,2025-11-08,2025-11-29,1,2025,217.0,187.2106622915336,0.14693318319618331
California,3,2025-11-15,2025-12-06,2,2025,262.0,182.7984163489317,0.3583144384579784
California,3,2025-11-22,2025-12-13,3,2025,421.0,184.37946791097067,0.8226004118536885
California,3,2025-11-29,2025-12-20,4,2025,716.0,182.5965029273981,1.362335409831025
California,3,2025-12-06,2025-12-27,5,2025,1245.0,259.70413908196304,1.5643075017331984
California,3,2025-12-13,2026-01-03,6,2025,1555.0,280.6493993155323,1.6
California,3,2025-12-20,2026-01-10,7,2025,1481.0,449.0127986728435,1.1918717820009102
California,3,2025-12-27,2026-01-17,8,2025,1383.0,713.2573929124289,0.6614897445253689
California,3,2026-01-03,2026-01-24,9,2025,1603.0,1205.2422989561026,0.2849905200787406
California,3,2026-01-10,2026-01-31,10,2025,1488.0,1369.3100646223247,0.08306771492753118
Colorado,3,2025-11-01,2025-11-22,0,2025,97.0,16.49727234590595,1.6
Colorado,3,2025-11-08,2025-11-29,1,2025,149.0,24.800821075703297,1.6
Colorado,3,2025-11-15,2025-12-06,2,2025,222.0,32.67049829853489,1.6
Colorado,3,2025-11-22,2025-12-13,3,2025,282.0,48.26639544487216,1.6
Colorado,3,2025-11-29,2025-12-20,4,2025,517.0,94.23681128433579,1.6
Colorado,3,2025-12-06,2025-12-27,5,2025,818.0,133.74246100669134,1.6
Colorado,3,2025-12-13,2026-01-03,6,2025,830.0,196.77370035943105,1.4355063452782328
Colorado,3,2025-12-20,2026-01-10,7,2025,475.0,241.84804919479132,0.6729819184355241
Colorado,3,2025-12-27,2026-01-17,8,2025,270.0,497.6925141476369,-0.6098708808270823
Colorado,3,2026-01-03,2026-01-24,9,2025,183.0,849.632027106699,-1.5310438768726282
Colorado,3,2026-01-10,2026-01-31,10,2025,148.0,704.7750905692669,-1.5553503121952552
Connecticut,3,2025-11-01,2025-11-22,0,2025,30.0,12.996476951690722,0.7951815528459383
Connecticut,3,2025-11-08,2025-11-29,1,2025,74.0,7.227104779720289,1.6
Connecticut,3,2025-11-15,2025-12-06,2,2025,125.0,19.76164578687477,1.6
Connecticut,3,2025-11-22,2025-12-13,3,2025,206.0,8.870785449027789,1.6
Connecticut,3,2025-11-29,2025-12-20,4,2025,447.0,38.666906820483064,1.6
Connecticut,3,2025-12-06,2025-12-27,5,2025,652.0,93.90325387984558,1.6
Connecticut,3,2025-12-13,2026-01-03,6,2025,777.0,149.4014152754699,1.6
Connecticut,3,2025-12-20,2026-01-10,7,2025,476.0,248.31022477071235,0.6488184872780467
Connecticut,3,2025-12-27,2026-01-17,8,2025,240.0,615.1425075392023,-0.9386813466949011
Connecticut,3,2026-01-03,2026-01-24,9,2025,117.0,856.7864706885119,-1.6
Connecticut,3,2026-01-10,2026-01-31,10,2025,81.0,937.4776765770706,-1.6
Delaware,3,2025-11-01,2025-11-22,0,2025,13.0,2.6983697083591136,1.3311652264287168
Delaware,3,2025-11-08,2025-11-29,1,2025,13.0,5.573999332675134,0.7559349558829509
Delaware,3,2025-11-15,2025-12-06,2,2025,17.0,5.859285683495875,0.9647684493503239
Delaware,3,2025-11-22,2025-12-13,3,2025,39.0,8.308880948316714,1.4579105689412937
Delaware,3,2025-11-29,2025-12-20,4,2025,99.0,13.027249614473407,1.6
Delaware,3,2025-12-06,2025-12-27,5,2025,211.0,11.812538425221797,1.6
Delaware,3,2025-12-13,2026-01-03,6,2025,209.00000000000003,15.345742763452513,1.6
Delaware,3,2025-12-20,2026-01-10,7,2025,174.0,34.12015685671173,1.6
Delaware,3,2025-12-27,2026-01-17,8,2025,134.0,85.05576252938603,0.45027929080186446
Delaware,3,2026-01-03,2026-01-24,9,2025,101.0,198.9152125869407,-0.6729205263117466
Delaware,3,2026-01-10,2026-01-31,10,2025,74.0,150.08548058387234,-0.7003576596883256
District of Columbia,3,2025-11-01,2025-11-22,0,2025,14.0,3.004405286343613,1.3206551244061338
District of Columbia,3,2025-11-08,2025-11-29,1,2025,14.0,0.0,1.6
District of Columbia,3,2025-11-15,2025-12-06,2,2025,26.0,0.0,1.6
District of Columbia,3,2025-11-22,2025-12-13,3,2025,33.0,7.021929824561402,1.4441815051797366
District of Columbia,3,2025-11-29,2025-12-20,4,2025,47.0,14.052554744525548,1.159653283652173
District of Columbia,3,2025-12-06,2025-12-27,5,2025,98.0,14.052478134110789,1.6
District of Columbia,3,2025-12-13,2026-01-03,6,2025,106.0,26.10480349344978,1.373117871602493
District of Columbia,3,2025-12-20,2026-01-10,7,2025,83.0,33.13517441860464,0.9004884383155618
District of Columbia,3,2025-12-27,2026-01-17,8,2025,50.0,47.19593613933236,0.05655092768425085
District of Columbia,3,2026-01-03,2026-01-24,9,2025,33.0,98.41739130434784,-1.072966536562558
District of Columbia,3,2026-01-10,2026-01-31,10,2025,12.0,106.45151953690302,-1.6
Florida,3,2025-11-01,2025-11-22,0,2025,614.0,215.39421957260805,1.0445204329626385
Florida,3,2025-11-08,2025-11-29,1,2025,729.0,228.905492196317,1.1553762131574894
Florida,3,2025-11-15,2025-12-06,2,2025,881.0,287.44301689951214,1.1176945046469902
Florida,3,2025-11-22,2025-12-13,3,2025,910.0,358.6549237123936,0.9293978707514299
Florida,3,2025-11-29,2025-12-20,4,2025,1536.0,570.0600567434984,0.9900933612286629
Florida,3,2025-12-06,2025-12-27,5,2025,2185.0,674.8587718671056,1.173844531876144
Florida,3,2025-12-13,2026-01-03,6,2025,2604.0,814.3334141401027,1.1615908274995892
Florida,3,2025-12-20,2026-01-10,7,2025,2467.0,841.5049508545915,1.0747838464307558
Florida,3,2025-12-27,2026-01-17,8,2025,1778.0,1428.3886475533927,0.2188045750176988
Florida,3,2026-01-03,2026-01-24,9,2025,1524.0,2077.489100885272,-0.3096468258968841
Florida,3,2026-01-10,2026-01-31,10,2025,1480.0,2525.261692808507,-0.5340230829632224
Georgia,3,2025-11-01,2025-11-22,0,2025,106.0,51.85398361704016,0.7052957490725595
Georgia,3,2025-11-08,2025-11-29,1,2025,163.0,45.11049809280956,1.2688257793908955
Georgia,3,2025-11-15,2025-12-06,2,2025,178.0,65.1447639808104,0.9955400721418579
Georgia,3,2025-11-22,2025-12-13,3,2025,329.0,75.46520446942444,1.4622568606376696
Georgia,3,2025-11-29,2025-12-20,4,2025,667.0,116.78134574386107,1.6
Georgia,3,2025-12-06,2025-12-27,5,2025,1391.0,162.68214190176576,1.6
Georgia,3,2025-12-13,2026-01-03,6,2025,1299.0,152.33325137307196,1.6
Georgia,3,2025-12-20,2026-01-10,7,2025,690.0,319.3036051556012,0.7688705116567345
Georgia,3,2025-12-27,2026-01-17,8,2025,345.00000000000006,651.929347512271,-0.6350301515997323
Georgia,3,2026-01-03,2026-01-24,9,2025,337.0,1480.6139516604298,-1.4778413849820211
Georgia,3,2026-01-10,2026-01-31,10,2025,301.0,845.1876724209534,-1.0303141526425525
Hawaii,3,2025-11-01,2025-11-22,0,2025,42.00000000000001,10.044052863436125,1.3593080350166713
Hawaii,3,2025-11-08,2025-11-29,1,2025,29.0,7.030791788856304,1.3179142547218965
Hawaii,3,2025-11-15,2025-12-06,2,2025,40.0,5.021961932650074,1.6
Hawaii,3,2025-11-22,2025-12-13,3,2025,71.0,16.070175438596493,1.4393333046646002
Hawaii,3,2025-11-29,2025-12-20,4,2025,83.0,42.183941605839436,0.6653480947860797
Hawaii,3,2025-12-06,2025-12-27,5,2025,88.0,29.126822157434404,1.0832204931967193
Hawaii,3,2025-12-13,2026-01-03,6,2025,110.0,40.17467248908298,0.9917068794008959
Hawaii,3,2025-12-20,2026-01-10,7,2025,83.0,71.30959302325583,0.1498599948944488
Hawaii,3,2025-12-27,2026-01-17,8,2025,50.0,83.36139332365747,-0.503284239151673
Hawaii,3,2026-01-03,2026-01-24,9,2025,45.0,88.3826086956522,-0.664284733160577
Hawaii,3,2026-01-10,2026-01-31,10,2025,24.0,110.47756874095515,-1.4949475685819587
Idaho,3,2025-11-01,2025-11-22,0,2025,27.000000000000004,8.763944160229283,1.0535080766049978
Idaho,3,2025-11-08,2025-11-29,1,2025,29.0,12.047181540893384,0.8326252450970713
Idaho,3,2025-11-15,2025-12-06,2,2025,45.0,21.452813001927915,0.7172254893962884
Idaho,3,2025-11-22,2025-12-13,3,2025,35.0,12.07456645135212,1.012850087651278
Idaho,3,2025-11-29,2025-12-20,4,2025,102.0,26.534695497541502,1.3192821243182498
Idaho,3,2025-12-06,2025-12-27,5,2025,223.0,25.95825933850265,1.6
Idaho,3,2025-12-13,2026-01-03,6,2025,235.00000000000003,38.76414669464838,1.6
Idaho,3,2025-12-20,2026-01-10,7,2025,157.0,27.97751141019551,1.6
Idaho,3,2025-12-27,2026-01-17,8,2025,120.0,85.36475006987379,0.3372109383377655
Idaho,3,2026-01-03,2026-01-24,9,2025,81.0,187.13051018842484,-0.8304166778480804
Idaho,3,2026-01-10,2026-01-31,10,2025,85.0,172.55002598642886,-0.7021185957888134
Illinois,3,2025-11-01,2025-11-22,0,2025,87.0,39.735189515856554,0.7702444883180148
Illinois,3,2025-11-08,2025-11-29,1,2025,132.0,77.80150366995352,0.5234170494339718
Illinois,3,2025-11-15,2025-12-06,2,2025,200.0,41.89882995400913,1.5444603562963621
Illinois,3,2025-11-22,2025-12-13,3,2025,263.0,86.36205102199665,1.1058881136094252
Illinois,3,2025-11-29,2025-12-20,4,2025,600.0,131.61485541365403,1.5111458312813566
Illinois,3,2025-12-06,2025-12-27,5,2025,1470.0,168.23314228704692,1.6
Illinois,3,2025-12-13,2026-01-03,6,2025,1708.0,241.7911981734041,1.6
Illinois,3,2025-12-20,2026-01-10,7,2025,1163.0,281.86688764308997,1.414641202988097
Illinois,3,2025-12-27,2026-01-17,8,2025,734.0,806.1040983436953,-0.09358215496817746
Illinois,3,2026-01-03,2026-01-24,9,2025,630.0,2116.900231279911,-1.2108745573548072
Illinois,3,2026-01-10,2026-01-31,10,2025,514.0,1403.0278809055212,-1.0029335419196643
Indiana,3,2025-11-01,2025-11-22,0,2025,59.0,34.82026589260161,0.5158307425963815
Indiana,3,2025-11-08,2025-11-29,1,2025,86.0,38.35335236957468,0.7933269537839918
Indiana,3,2025-11-15,2025-12-06,2,2025,118.0,41.13295320321252,1.0382933221832338
Indiana,3,2025-11-22,2025-12-13,3,2025,163.0,68.28323886522271,0.8616634142987136
Indiana,3,2025-11-29,2025-12-20,4,2025,351.0,78.76063746340387,1.4846010577070956
Indiana,3,2025-12-06,2025-12-27,5,2025,699.0,105.56268397702935,1.6
Indiana,3,2025-12-13,2026-01-03,6,2025,906.0,131.529584704613,1.6
Indiana,3,2025-12-20,2026-01-10,7,2025,642.0,173.96534414290397,1.3015568033944422
Indiana,3,2025-12-27,2026-01-17,8,2025,383.0,432.069051722913,-0.12025463550151194
Indiana,3,2026-01-03,2026-01-24,9,2025,254.0,830.0610213994755,-1.1814396782880516
Indiana,3,2026-01-10,2026-01-31,10,2025,307.0,833.4338535780618,-0.9966536922510043
Iowa,3,2025-11-01,2025-11-22,0,2025,5.0,9.830887953611878,-0.5906425786003688
Iowa,3,2025-11-08,2025-11-29,1,2025,19.0,12.28881838845416,0.4088093146044116
Iowa,3,2025-11-15,2025-12-06,2,2025,21.0,19.096836395568644,0.09048004393619546
Iowa,3,2025-11-22,2025-12-13,3,2025,30.0,15.520360309808158,0.6293936261090853
Iowa,3,2025-11-29,2025-12-20,4,2025,90.0,11.851084555179161,1.6
Iowa,3,2025-12-06,2025-12-27,5,2025,260.0,29.925547165250965,1.6
Iowa,3,2025-12-13,2026-01-03,6,2025,377.0,26.936387999370734,1.6
Iowa,3,2025-12-20,2026-01-10,7,2025,277.0,36.79427260904961,1.6
Iowa,3,2025-12-27,2026-01-17,8,2025,257.0,106.77701190583889,0.8728951968139551
Iowa,3,2026-01-03,2026-01-24,9,2025,236.0,304.9705427049862,-0.2554286905134324
Iowa,3,2026-01-10,2026-01-31,10,2025,215.0,392.3873439340756,-0.5995163267672146
Kansas,3,2025-11-01,2025-11-22,0,2025,8.0,23.691444673959882,-1.0092322368226418
Kansas,3,2025-11-08,2025-11-29,1,2025,13.0,11.66220437064667,0.10043580715235301
Kansas,3,2025-11-15,2025-12-06,2,2025,22.0,10.568719497687976,0.6871893552055557
Kansas,3,2025-11-22,2025-12-13,3,2025,30.0,17.650750655183582,0.5081008095976167
Kansas,3,2025-11-29,2025-12-20,4,2025,101.0,12.531279398095638,1.6
Kansas,3,2025-12-06,2025-12-27,5,2025,267.0,20.293188454162674,1.6
Kansas,3,2025-12-13,2026-01-03,6,2025,352.0,28.581843165824836,1.6
Kansas,3,2025-12-20,2026-01-10,7,2025,268.0,33.63885805299279,1.6
Kansas,3,2025-12-27,2026-01-17,8,2025,188.0,119.66711142333885,0.44871140607999926
Kansas,3,2026-01-03,2026-01-24,9,2025,205.0,301.5153589116661,-0.384255880654103
Kansas,3,2026-01-10,2026-01-31,10,2025,195.0,309.28952022884926,-0.4593911386236842
Kentucky,3,2025-11-01,2025-11-22,0,2025,28.0,17.599616691766087,0.4441548574492309
Kentucky,3,2025-11-08,2025-11-29,1,2025,49.0,10.96509668227755,1.4300292036760887
Kentucky,3,2025-11-15,2025-12-06,2,2025,67.0,29.29801843722063,0.8084253929108636
Kentucky,3,2025-11-22,2025-12-13,3,2025,104.0,19.175270125499946,1.6
Kentucky,3,2025-11-29,2025-12-20,4,2025,231.0,30.65909628721538,1.6
Kentucky,3,2025-12-06,2025-12-27,5,2025,547.0,56.23735401025338,1.6
Kentucky,3,2025-12-13,2026-01-03,6,2025,630.0,63.46882083527842,1.6
Kentucky,3,2025-12-20,2026-01-10,7,2025,410.0,115.22505516805863,1.2630647722536743
Kentucky,3,2025-12-27,2026-01-17,8,2025,308.0,273.9278222966594,0.11683267805676056
Kentucky,3,2026-01-03,2026-01-24,9,2025,261.0,659.2865147292699,-0.9243293502856558
Kentucky,3,2026-01-10,2026-01-31,10,2025,246.0,485.7633997374737,-0.6783898362386847
Louisiana,3,2025-11-01,2025-11-22,0,2025,117.0,59.48312944732379,0.668320150425699
Louisiana,3,2025-11-08,2025-11-29,1,2025,113.0,48.80216152627004,0.8281400611638521
Louisiana,3,2025-11-15,2025-12-06,2,2025,180.0,88.75523970167484,0.7014106245243896
Louisiana,3,2025-11-22,2025-12-13,3,2025,248.0,104.36856152537842,0.8599885825989331
Louisiana,3,2025-11-29,2025-12-20,4,2025,433.0,114.26428034028697,1.3258169523916354
Louisiana,3,2025-12-06,2025-12-27,5,2025,688.0,116.20440836104049,1.6
Louisiana,3,2025-12-13,2026-01-03,6,2025,662.0,182.57415707149772,1.2841562785978136
Louisiana,3,2025-12-20,2026-01-10,7,2025,438.0,229.33591334424693,0.6449606768332199
Louisiana,3,2025-12-27,2026-01-17,8,2025,295.0,422.6047553550625,-0.35844138539084636
Louisiana,3,2026-01-03,2026-01-24,9,2025,329.0,747.643307904437,-0.8191699911991748
Louisiana,3,2026-01-10,2026-01-31,10,2025,260.0,627.9383587781631,-0.8795128458126973
Maine,3,2025-11-01,2025-11-22,0,2025,8.0,3.011066539274699,0.8081674014875238
Maine,3,2025-11-08,2025-11-29,1,2025,13.0,1.5222641268596124,1.6
Maine,3,2025-11-15,2025-12-06,2,2025,20.0,3.49608446741851,1.541315538071298
Maine,3,2025-11-22,2025-12-13,3,2025,29.0,4.499767081818356,1.6
Maine,3,2025-11-29,2025-12-20,4,2025,75.0,9.970153783285866,1.6
Maine,3,2025-12-06,2025-12-27,5,2025,141.0,15.476191657118076,1.6
Maine,3,2025-12-13,2026-01-03,6,2025,239.0,23.479658405130373,1.6
Maine,3,2025-12-20,2026-01-10,7,2025,162.0,33.500313529426755,1.552781789001271
Maine,3,2025-12-27,2026-01-17,8,2025,110.0,98.35900762309862,0.11079057086727406
Maine,3,2026-01-03,2026-01-24,9,2025,73.0,180.0558633239401,-0.894740527591849
Maine,3,2026-01-10,2026-01-31,10,2025,62.0,314.48450836088386,-1.6
Maryland,3,2025-11-01,2025-11-22,0,2025,66.0,28.461014865327535,0.8216247600249327
Maryland,3,2025-11-08,2025-11-29,1,2025,91.0,27.28801033209158,1.1793505253474241
Maryland,3,2025-11-15,2025-12-06,2,2025,138.0,31.07052871608836,1.466536433247576
Maryland,3,2025-11-22,2025-12-13,3,2025,238.0,40.60802698735422,1.6
Maryland,3,2025-11-29,2025-12-20,4,2025,400.0,64.27057687106691,1.6
Maryland,3,2025-12-06,2025-12-27,5,2025,644.0,82.11846675959143,1.6
Maryland,3,2025-12-13,2026-01-03,6,2025,803.0,114.79033089605326,1.6
Maryland,3,2025-12-20,2026-01-10,7,2025,587.0,187.01849639009512,1.1401866048544722
Maryland,3,2025-12-27,2026-01-17,8,2025,282.0,307.68546749744286,-0.08687595629883393
Maryland,3,2026-01-03,2026-01-24,9,2025,159.0,504.44332145689555,-1.150262093215133
Maryland,3,2026-01-10,2026-01-31,10,2025,106.0,642.1109356887097,-1.6
Massachusetts,3,2025-11-01,2025-11-22,0,2025,50.0,29.483861472724215,0.5146282211925497
Massachusetts,3,2025-11-08,2025-11-29,1,2025,72.0,40.50732934130893,0.5645894188716101
Massachusetts,3,2025-11-15,2025-12-06,2,2025,129.0,37.837162141751776,1.2081568750532568
Massachusetts,3,2025-11-22,2025-12-13,3,2025,220.0,63.2773194229716,1.2349558630896675
Massachusetts,3,2025-11-29,2025-12-20,4,2025,455.0,74.14779276373818,1.6
Massachusetts,3,2025-12-06,2025-12-27,5,2025,878.0,98.32866721482537,1.6
Massachusetts,3,2025-12-13,2026-01-03,6,2025,1197.0,178.4282787971278,1.6
Massachusetts,3,2025-12-20,2026-01-10,7,2025,856.0,288.77028346014265,1.0843494355143433
Massachusetts,3,2025-12-27,2026-01-17,8,2025,479.0,632.4106555486212,-0.27733285284073705
Massachusetts,3,2026-01-03,2026-01-24,9,2025,243.0,1257.1758209679783,-1.6
Massachusetts,3,2026-01-10,2026-01-31,10,2025,206.0,1430.070509300321,-1.6
Michigan,3,2025-11-01,2025-11-22,0,2025,53.0,27.640382169088248,0.6341663606681127
Michigan,3,2025-11-08,2025-11-29,1,2025,71.0,23.19846315550024,1.0903769938410686
Michigan,3,2025-11-15,2025-12-06,2,2025,85.0,36.448193691382066,0.8313888199933701
Michigan,3,2025-11-22,2025-12-13,3,2025,196.0,51.464417473957006,1.3230685513259974
Michigan,3,2025-11-29,2025-12-20,4,2025,426.0,59.407934469361535,1.6
Michigan,3,2025-12-06,2025-12-27,5,2025,809.0,75.30502022440805,1.6
Michigan,3,2025-12-13,2026-01-03,6,2025,1162.0,87.66747301443773,1.6
Michigan,3,2025-12-20,2026-01-10,7,2025,844.0,185.68807902531077,1.509897429810506
Michigan,3,2025-12-27,2026-01-17,8,2025,462.0,389.4225813057139,0.17049735976074132
Michigan,3,2026-01-03,2026-01-24,9,2025,351.0,737.0589794558886,-0.7403925637710138
Michigan,3,2026-01-10,2026-01-31,10,2025,283.0,1080.6492359213285,-1.3372679874683948
Minnesota,3,2025-11-01,2025-11-22,0,2025,34.0,14.113811570652276,0.839739062174353
Minnesota,3,2025-11-08,2025-11-29,1,2025,74.0,13.269904382649962,1.6
Minnesota,3,2025-11-15,2025-12-06,2,2025,100.0,17.39127858026753,1.6
Minnesota,3,2025-11-22,2025-12-13,3,2025,257.0,23.995450365042938,1.6
Minnesota,3,2025-11-29,2025-12-20,4,2025,541.0,38.04071027079445,1.6
Minnesota,3,2025-12-06,2025-12-27,5,2025,944.0,71.08000868770863,1.6
Minnesota,3,2025-12-13,2026-01-03,6,2025,1063.0,92.56441393286165,1.6
Minnesota,3,2025-12-20,2026-01-10,7,2025,705.0,222.71319301977317,1.1492503943402514
Minnesota,3,2025-12-27,2026-01-17,8,2025,413.0,467.74821831255815,-0.12419980251887353
Minnesota,3,2026-01-03,2026-01-24,9,2025,328.0,870.9289939135069,-0.9746502408298152
Minnesota,3,2026-01-10,2026-01-31,10,2025,209.0,1015.3585978076221,-1.5768739857466016
Mississippi,3,2025-11-01,2025-11-22,0,2025,23.0,24.13659163664144,-0.046270788310400324
Mississippi,3,2025-11-08,2025-11-29,1,2025,23.0,25.565867545154553,-0.10157338647154113
Mississippi,3,2025-11-15,2025-12-06,2,2025,38.0,25.791145596837428,0.3754902013807415
Mississippi,3,2025-11-22,2025-12-13,3,2025,66.0,28.271644272322767,0.8280733442375587
Mississippi,3,2025-11-29,2025-12-20,4,2025,145.0,29.550149011684884,1.5642370584697347
Mississippi,3,2025-12-06,2025-12-27,5,2025,233.0,30.032852458905108,1.6
Mississippi,3,2025-12-13,2026-01-03,6,2025,214.0,42.47100060618586,1.5985439650761242
Mississippi,3,2025-12-20,2026-01-10,7,2025,182.0,61.6718753442061,1.0715733649388461
Mississippi,3,2025-12-27,2026-01-17,8,2025,129.0,123.56733651936597,0.042688025183243994
Mississippi,3,2026-01-03,2026-01-24,9,2025,106.0,191.5595030880214,-0.5875763784529822
Mississippi,3,2026-01-10,2026-01-31,10,2025,107.0,174.04492666273867,-0.48291143763845934
Missouri,3,2025-11-01,2025-11-22,0,2025,39.0,39.4014644452645,-0.009986578841362892
Missouri,3,2025-11-08,2025-11-29,1,2025,57.0,41.69558469393964,0.30634749861052724
Missouri,3,2025-11-15,2025-12-06,2,2025,86.0,44.5663768860357,0.6467380231001574
Missouri,3,2025-11-22,2025-12-13,3,2025,118.0,53.88392910035161,0.7739029178624941
Missouri,3,2025-11-29,2025-12-20,4,2025,261.0,51.415798671098095,1.6
Missouri,3,2025-12-06,2025-12-27,5,2025,809.0,72.28815369675358,1.6
Missouri,3,2025-12-13,2026-01-03,6,2025,940.0,100.2584726300663,1.6
Missouri,3,2025-12-20,2026-01-10,7,2025,519.0,121.92439319159817,1.4422593347013022
Missouri,3,2025-12-27,2026-01-17,8,2025,522.9999999999999,284.0912328488972,0.6086824400190611
Missouri,3,2026-01-03,2026-01-24,9,2025,452.0,926.9467211435668,-0.7170821930941909
Missouri,3,2026-01-10,2026-01-31,10,2025,360.0,744.8917005878475,-0.725702457857456
Montana,3,2025-11-01,2025-11-22,0,2025,3.999999999999999,7.978606420395138,-0.5854067707988502
Montana,3,2025-11-08,2025-11-29,1,2025,13.0,1.7930906913042373,1.6
Montana,3,2025-11-15,2025-12-06,2,2025,16.0,1.9058246264275107,1.6
Montana,3,2025-11-22,2025-12-13,3,2025,24.0,9.565060441913726,0.861323452859259
Montana,3,2025-11-29,2025-12-20,4,2025,39.99999999999999,5.9445078197743495,1.6
Montana,3,2025-12-06,2025-12-27,5,2025,122.0,15.014785300826944,1.6
Montana,3,2025-12-13,2026-01-03,6,2025,151.0,17.729526768139184,1.6
Montana,3,2025-12-20,2026-01-10,7,2025,121.0,24.423399381523613,1.5683510592926972
Montana,3,2025-12-27,2026-01-17,8,2025,81.0,40.31070455117664,0.6855975907800884
Montana,3,2026-01-03,2026-01-24,9,2025,62.0,134.72935955777308,-0.7675281734055739
Montana,3,2026-01-10,2026-01-31,10,2025,60.0,156.70523789822042,-0.9498538435638215
Nebraska,3,2025-11-01,2025-11-22,0,2025,2.0,3.4296656739313462,-0.38971182390251125
Nebraska,3,2025-11-08,2025-11-29,1,2025,13.0,0.5842532112474892,1.6
Nebraska,3,2025-11-15,2025-12-06,2,2025,14.0,2.1022690122593923,1.5759164179096299
Nebraska,3,2025-11-22,2025-12-13,3,2025,28.0,0.7616843470640866,1.6
Nebraska,3,2025-11-29,2025-12-20,4,2025,72.0,2.0788387548722955,1.6
Nebraska,3,2025-12-06,2025-12-27,5,2025,165.0,14.424285742060249,1.6
Nebraska,3,2025-12-13,2026-01-03,6,2025,202.0,13.914406111265707,1.6
Nebraska,3,2025-12-20,2026-01-10,7,2025,164.0,29.91983970993057,1.6
Nebraska,3,2025-12-27,2026-01-17,8,2025,125.0,78.02890237499004,0.46646826854431644
Nebraska,3,2026-01-03,2026-01-24,9,2025,142.0,179.64358603264225,-0.23368132176372214
Nebraska,3,2026-01-10,2026-01-31,10,2025,126.0,206.60807354545892,-0.4914649539876379
Nevada,3,2025-11-01,2025-11-22,0,2025,11.0,9.858629483536053,0.09994654181534468
Nevada,3,2025-11-08,2025-11-29,1,2025,13.0,5.789161212254979,0.7237299284803222
Nevada,3,2025-11-15,2025-12-06,2,2025,32.0,12.967534817924466,0.8597718663370015
Nevada,3,2025-11-22,2025-12-13,3,2025,53.0,16.9437469090874,1.101742353932718
Nevada,3,2025-11-29,2025-12-20,4,2025,128.0,10.785432780052817,1.6
Nevada,3,2025-12-06,2025-12-27,5,2025,271.0,12.90252445625686,1.6
Nevada,3,2025-12-13,2026-01-03,6,2025,248.0,32.21329763668831,1.6
Nevada,3,2025-12-20,2026-01-10,7,2025,198.0,53.36169559742303,1.2976450439224352
Nevada,3,2025-12-27,2026-01-17,8,2025,127.0,130.01719390269122,-0.023298301834436153
Nevada,3,2026-01-03,2026-01-24,9,2025,95.0,281.18759470342485,-1.0782238877480186
Nevada,3,2026-01-10,2026-01-31,10,2025,111.0,247.38117796013114,-0.7964657027859401
New Hampshire,3,2025-11-01,2025-11-22,0,2025,12.0,0.0,1.6
New Hampshire,3,2025-11-08,2025-11-29,1,2025,11.0,2.220576963357547,1.3153461251157714
New Hampshire,3,2025-11-15,2025-12-06,2,2025,25.0,0.0,1.6
New Hampshire,3,2025-11-22,2025-12-13,3,2025,46.0,7.114976565144659,1.6
New Hampshire,3,2025-11-29,2025-12-20,4,2025,95.0,16.001022736695727,1.6
New Hampshire,3,2025-12-06,2025-12-27,5,2025,196.0,12.728861599463619,1.6
New Hampshire,3,2025-12-13,2026-01-03,6,2025,288.0,32.165027135341354,1.6
New Hampshire,3,2025-12-20,2026-01-10,7,2025,224.0,58.7534820892812,1.3258729354460028
New Hampshire,3,2025-12-27,2026-01-17,8,2025,153.0,126.5323365924175,0.18858264963866223
New Hampshire,3,2026-01-03,2026-01-24,9,2025,118.0,283.19785247282715,-0.8705471661289277
New Hampshire,3,2026-01-10,2026-01-31,10,2025,37.99999999999999,417.0213498194688,-1.6
New Jersey,3,2025-11-01,2025-11-22,0,2025,73.0,32.68850676483425,0.786908359568995
New Jersey,3,2025-11-08,2025-11-29,1,2025,154.0,40.61780188546137,1.3148971112489574
New Jersey,3,2025-11-15,2025-12-06,2,2025,277.0,51.19354836063472,1.6
New Jersey,3,2025-11-22,2025-12-13,3,2025,588.0,59.12428547222145,1.6
New Jersey,3,2025-11-29,2025-12-20,4,2025,1082.0,74.10970056913268,1.6
New Jersey,3,2025-12-06,2025-12-27,5,2025,1466.0,145.51658051809332,1.6
New Jersey,3,2025-12-13,2026-01-03,6,2025,1724.0,254.1577663990639,1.6
New Jersey,3,2025-12-20,2026-01-10,7,2025,1181.0,532.1502599525368,0.7961598999233628
New Jersey,3,2025-12-27,2026-01-17,8,2025,653.0,1000.1629519225128,-0.42581020374268785
New Jersey,3,2026-01-03,2026-01-24,9,2025,399.0,1408.4205009345721,-1.2594693595387874
New Jersey,3,2026-01-10,2026-01-31,10,2025,298.0,1692.9421970801866,-1.6
New Mexico,3,2025-11-01,2025-11-22,0,2025,17.0,7.432319660334674,0.7582998564344914
New Mexico,3,2025-11-08,2025-11-29,1,2025,39.0,8.275086409999245,1.461547529221868
New Mexico,3,2025-11-15,2025-12-06,2,2025,35.0,9.1180935401704,1.269193677702197
New Mexico,3,2025-11-22,2025-12-13,3,2025,69.0,15.03953649904215,1.4734385365969493
New Mexico,3,2025-11-29,2025-12-20,4,2025,162.0,17.576049467448943,1.6
New Mexico,3,2025-12-06,2025-12-27,5,2025,386.0,36.18113352892613,1.6
New Mexico,3,2025-12-13,2026-01-03,6,2025,409.0,32.800568241170765,1.6
New Mexico,3,2025-12-20,2026-01-10,7,2025,245.0,61.60652442012955,1.3684620392935187
New Mexico,3,2025-12-27,2026-01-17,8,2025,145.0,141.84227028192515,0.021865605227652907
New Mexico,3,2026-01-03,2026-01-24,9,2025,131.0,359.9424058348791,-1.005916482394948
New Mexico,3,2026-01-10,2026-01-31,10,2025,95.0,389.41985954471704,-1.4028745315127233
New York,3,2025-11-01,2025-11-22,0,2025,351.0,75.97040855528579,1.5202101320851114
New York,3,2025-11-08,2025-11-29,1,2025,683.0,116.16223138871185,1.6
New York,3,2025-11-15,2025-12-06,2,2025,1184.0,132.74988858961666,1.6
New York,3,2025-11-22,2025-12-13,3,2025,1933.0,273.60095243024625,1.6
New York,3,2025-11-29,2025-12-20,4,2025,3173.0,476.28439678208036,1.6
New York,3,2025-12-06,2025-12-27,5,2025,3866.0,890.8548493117653,1.4669308972552448
New York,3,2025-12-13,2026-01-03,6,2025,3795.0,1496.7632470718447,0.9299750541566949
New York,3,2025-12-20,2026-01-10,7,2025,2379.0,2466.8013976907255,-0.0362271441699038
New York,3,2025-12-27,2026-01-17,8,2025,1210.9999999999998,4454.536050176741,-1.3018754915537807
New York,3,2026-01-03,2026-01-24,9,2025,668.0,4737.8771202900425,-1.6
New York,3,2026-01-10,2026-01-31,10,2025,367.0,3466.9687889504025,-1.6
North Carolina,3,2025-11-01,2025-11-22,0,2025,115.0,21.69954227898869,1.6
North Carolina,3,2025-11-08,2025-11-29,1,2025,159.0,29.028905011470016,1.6
North Carolina,3,2025-11-15,2025-12-06,2,2025,305.0,49.326168960562875,1.6
North Carolina,3,2025-11-22,2025-12-13,3,2025,525.0,225.24167938403548,0.8436974070370935
North Carolina,3,2025-11-29,2025-12-20,4,2025,1201.0,93.02689082799706,1.6
North Carolina,3,2025-12-06,2025-12-27,5,2025,2461.0,176.24687665663964,1.6
North Carolina,3,2025-12-13,2026-01-03,6,2025,2374.0,361.7898100021619,1.6
North Carolina,3,2025-12-20,2026-01-10,7,2025,1360.0,613.6153995733607,0.7949782970155503
North Carolina,3,2025-12-27,2026-01-17,8,2025,616.9999999999999,1517.3998172783479,-0.8989238500596803
North Carolina,3,2026-01-03,2026-01-24,9,2025,496.0,3537.132285269075,-1.6
North Carolina,3,2026-01-10,2026-01-31,10,2025,412.0,2340.1720998391443,-1.6
North Dakota,3,2025-11-01,2025-11-22,0,2025,2.0000000000000004,3.1652630932272814,-0.3281671525973089
North Dakota,3,2025-11-08,2025-11-29,1,2025,10.0,3.778813437158359,0.8337029920144987
North Dakota,3,2025-11-15,2025-12-06,2,2025,9.0,6.355148336630091,0.30718457100940455
North Dakota,3,2025-11-22,2025-12-13,3,2025,22.0,2.226086928361937,1.6
North Dakota,3,2025-11-29,2025-12-20,4,2025,55.0,3.3328125565333977,1.6
North Dakota,3,2025-12-06,2025-12-27,5,2025,104.0,10.44798675314632,1.6
North Dakota,3,2025-12-13,2026-01-03,6,2025,159.0,9.840640288583469,1.6
North Dakota,3,2025-12-20,2026-01-10,7,2025,103.0,19.843395100753497,1.6
North Dakota,3,2025-12-27,2026-01-17,8,2025,95.0,50.34835319920701,0.6257153257300772
North Dakota,3,2026-01-03,2026-01-24,9,2025,72.0,101.90028500653513,-0.3433009714305868
North Dakota,3,2026-01-10,2026-01-31,10,2025,60.0,172.13545817073683,-1.0432004191502111
Ohio,3,2025-11-01,2025-11-22,0,2025,90.0,42.83648117363144,0.7303931322985258
Ohio,3,2025-11-08,2025-11-29,1,2025,125.0,53.98274155794296,0.829262560816928
Ohio,3,2025-11-15,2025-12-06,2,2025,176.0,84.31908608559752,0.7297515506361414
Ohio,3,2025-11-22,2025-12-13,3,2025,329.0,67.91623967827705,1.5662008049643132
Ohio,3,2025-11-29,2025-12-20,4,2025,745.0,147.62950498383879,1.6
Ohio,3,2025-12-06,2025-12-27,5,2025,1610.0,159.8576918618059,1.6
Ohio,3,2025-12-13,2026-01-03,6,2025,1958.0,216.8664489999574,1.6
Ohio,3,2025-12-20,2026-01-10,7,2025,1377.0,454.71462781430677,1.1065216541606073
Ohio,3,2025-12-27,2026-01-17,8,2025,858.0,1092.1991257847449,-0.24109473238469192
Ohio,3,2026-01-03,2026-01-24,9,2025,724.0,2420.483987357056,-1.2059641942709183
Ohio,3,2026-01-10,2026-01-31,10,2025,590.0,1813.0680790448582,-1.1215111423579547
Oklahoma,3,2025-11-01,2025-11-22,0,2025,15.0,39.66024520784676,-0.9326621166320224
Oklahoma,3,2025-11-08,2025-11-29,1,2025,21.0,25.698655382783187,-0.19357075058438422
Oklahoma,3,2025-11-15,2025-12-06,2,2025,25.0,36.1334852081708,-0.3564225907818739
Oklahoma,3,2025-11-22,2025-12-13,3,2025,53.0,22.283265800408312,0.8412491500171568
Oklahoma,3,2025-11-29,2025-12-20,4,2025,86.99999999999999,34.456773033848506,0.9090225209667238
Oklahoma,3,2025-12-06,2025-12-27,5,2025,231.0,37.72894306002884,1.6
Oklahoma,3,2025-12-13,2026-01-03,6,2025,244.0,38.81834570213892,1.6
Oklahoma,3,2025-12-20,2026-01-10,7,2025,169.0,70.93317229945048,0.8600609115513782
Oklahoma,3,2025-12-27,2026-01-17,8,2025,168.0,93.4231642448552,0.5821122879235983
Oklahoma,3,2026-01-03,2026-01-24,9,2025,159.0,250.62425813389945,-0.4527631204213334
Oklahoma,3,2026-01-10,2026-01-31,10,2025,152.0,166.0520747760341,-0.08786766742319951
Oregon,3,2025-11-01,2025-11-22,0,2025,20.0,17.983123251524965,0.10097210320444328
Oregon,3,2025-11-08,2025-11-29,1,2025,29.0,14.951101784801585,0.6316694774000093
Oregon,3,2025-11-15,2025-12-06,2,2025,41.0,21.53648980601625,0.6225338535642173
Oregon,3,2025-11-22,2025-12-13,3,2025,40.0,22.18637705765405,0.5700071562897837
Oregon,3,2025-11-29,2025-12-20,4,2025,56.99999999999999,32.05552418840338,0.5622543118196548
Oregon,3,2025-12-06,2025-12-27,5,2025,137.0,35.798454340096356,1.3217978424922294
Oregon,3,2025-12-13,2026-01-03,6,2025,198.0,45.27678201563849,1.4586644577543462
Oregon,3,2025-12-20,2026-01-10,7,2025,166.0,38.87903417071048,1.432143086003788
Oregon,3,2025-12-27,2026-01-17,8,2025,202.0,58.78255955982634,1.2224920067789622
Oregon,3,2026-01-03,2026-01-24,9,2025,220.0,143.6897413530482,0.4235709663641938
Oregon,3,2026-01-10,2026-01-31,10,2025,281.0,177.81877576251094,0.45553420385440546
Pennsylvania,3,2025-11-01,2025-11-22,0,2025,193.00000000000003,136.3497745221085,0.3453273881534731
Pennsylvania,3,2025-11-08,2025-11-29,1,2025,327.0,122.8890844082178,0.9736269236444661
Pennsylvania,3,2025-11-15,2025-12-06,2,2025,512.0,119.27864385087587,1.450464762048524
Pennsylvania,3,2025-11-22,2025-12-13,3,2025,699.0,132.77609065401663,1.6
Pennsylvania,3,2025-11-29,2025-12-20,4,2025,1255.0,191.24833560502734,1.6
Pennsylvania,3,2025-12-06,2025-12-27,5,2025,2375.0,311.90283398338835,1.6
Pennsylvania,3,2025-12-13,2026-01-03,6,2025,3323.0,478.6937362345509,1.6
Pennsylvania,3,2025-12-20,2026-01-10,7,2025,2243.0,647.9994545603088,1.2405833903698067
Pennsylvania,3,2025-12-27,2026-01-17,8,2025,1866.0,1156.5890592195276,0.47799341953075025
Pennsylvania,3,2026-01-03,2026-01-24,9,2025,1205.0,2229.980669428279,-0.6151321525754927
Pennsylvania,3,2026-01-10,2026-01-31,10,2025,1013.0,3232.1417101514116,-1.1595514250143761
Puerto Rico,3,2025-11-01,2025-11-22,0,2025,154.0,51.09640580594634,1.0903291569897662
Puerto Rico,3,2025-11-08,2025-11-29,1,2025,173.0,59.61761690037433,1.0544697404596528
Puerto Rico,3,2025-11-15,2025-12-06,2,2025,256.0,84.20778676947359,1.1039832612282217
Puerto Rico,3,2025-11-22,2025-12-13,3,2025,212.0,105.94376408369753,0.6889890387187183
Puerto Rico,3,2025-11-29,2025-12-20,4,2025,244.0,130.53826294393954,0.6219604282936144
Puerto Rico,3,2025-12-06,2025-12-27,5,2025,359.0,144.23626357542165,0.9077422110995634
Puerto Rico,3,2025-12-13,2026-01-03,6,2025,383.0,208.89175157888025,0.6040506234419052
Puerto Rico,3,2025-12-20,2026-01-10,7,2025,335.0,172.0100737839629,0.6637613371956208
Puerto Rico,3,2025-12-27,2026-01-17,8,2025,295.0,196.6152917074479,0.4040372848210856
Puerto Rico,3,2026-01-03,2026-01-24,9,2025,226.0,290.44090510806615,-0.24988724085526481
Puerto Rico,3,2026-01-10,2026-01-31,10,2025,198.0,308.39795488603596,-0.4413235034573848
Rhode Island,3,2025-11-01,2025-11-22,0,2025,9.0,3.795122285609459,0.7349858822498483
Rhode Island,3,2025-11-08,2025-11-29,1,2025,19.0,9.824163456174258,0.6139512815269605
Rhode Island,3,2025-11-15,2025-12-06,2,2025,38.0,8.963322923264762,1.3646510033403847
Rhode Island,3,2025-11-22,2025-12-13,3,2025,84.0,9.824453730149699,1.6
Rhode Island,3,2025-11-29,2025-12-20,4,2025,141.0,8.963622833670701,1.6
Rhode Island,3,2025-12-06,2025-12-27,5,2025,197.0,17.574269224917916,1.6
Rhode Island,3,2025-12-13,2026-01-03,6,2025,285.0,33.995150797152675,1.6
Rhode Island,3,2025-12-20,2026-01-10,7,2025,159.0,74.76564260009671,0.7475288891915781
Rhode Island,3,2025-12-27,2026-01-17,8,2025,83.0,130.7470684636525,-0.45006713758034156
Rhode Island,3,2026-01-03,2026-01-24,9,2025,61.0,192.85751026724122,-1.1399890209947818
Rhode Island,3,2026-01-10,2026-01-31,10,2025,30.0,283.5968797098794,-1.6
South Carolina,3,2025-11-01,2025-11-22,0,2025,41.0,5.9955947136563905,1.6
South Carolina,3,2025-11-08,2025-11-29,1,2025,52.0,12.021994134897362,1.4036521291370798
South Carolina,3,2025-11-15,2025-12-06,2,2025,86.0,16.03953147877013,1.6
South Carolina,3,2025-11-22,2025-12-13,3,2025,123.0,20.05701754385965,1.6
South Carolina,3,2025-11-29,2025-12-20,4,2025,391.0,41.14890510948904,1.6
South Carolina,3,2025-12-06,2025-12-27,5,2025,856.0,52.196793002915456,1.6
South Carolina,3,2025-12-13,2026-01-03,6,2025,891.0,86.34497816593885,1.6
South Carolina,3,2025-12-20,2026-01-10,7,2025,559.0,123.50581395348838,1.5035843704931766
South Carolina,3,2025-12-27,2026-01-17,8,2025,300.0,392.67198838896957,-0.2684077810352443
South Carolina,3,2026-01-03,2026-01-24,9,2025,241.0,859.691304347826,-1.26879818244762
South Carolina,3,2026-01-10,2026-01-31,10,2025,244.0,894.8379160636757,-1.2965012888159597
South Dakota,3,2025-11-01,2025-11-22,0,2025,3.0,4.357707579134527,-0.2922418320171931
South Dakota,3,2025-11-08,2025-11-29,1,2025,1.0,2.8295097431117195,-0.6495896100298729
South Dakota,3,2025-11-15,2025-12-06,2,2025,5.0,2.823963713707687,0.4504719631770999
South Dakota,3,2025-11-22,2025-12-13,3,2025,10.0,3.5811229454722913,0.8759511201241721
South Dakota,3,2025-11-29,2025-12-20,4,2025,22.0,5.100951131550192,1.327049533699694
South Dakota,3,2025-12-06,2025-12-27,5,2025,56.0,3.5730314638550906,1.6
South Dakota,3,2025-12-13,2026-01-03,6,2025,106.0,6.617136613052508,1.6
South Dakota,3,2025-12-20,2026-01-10,7,2025,63.0,10.419219086471653,1.6
South Dakota,3,2025-12-27,2026-01-17,8,2025,76.0,19.543222314435695,1.321274349694857
South Dakota,3,2026-01-03,2026-01-24,9,2025,67.0,45.56008040561194,0.37876417482976077
South Dakota,3,2026-01-10,2026-01-31,10,2025,59.0,86.10306270360506,-0.3727474840905387
Tennessee,3,2025-11-01,2025-11-22,0,2025,57.0,22.096916299559464,0.9207438954552893
Tennessee,3,2025-11-08,2025-11-29,1,2025,61.0,34.149560117302045,0.5675222813104783
Tennessee,3,2025-11-15,2025-12-06,2,2025,104.0,56.24597364568083,0.6066030395294835
Tennessee,3,2025-11-22,2025-12-13,3,2025,166.0,39.17105263157895,1.4248471599682087
Tennessee,3,2025-11-29,2025-12-20,4,2025,346.0,57.24963503649634,1.6
Tennessee,3,2025-12-06,2025-12-27,5,2025,861.0,61.26676384839651,1.6
Tennessee,3,2025-12-13,2026-01-03,6,2025,863.0,104.45414847161574,1.6
Tennessee,3,2025-12-20,2026-01-10,7,2025,519.0,166.72383720930233,1.131510010871958
Tennessee,3,2025-12-27,2026-01-17,8,2025,315.0,347.5065312046444,-0.09791475734091115
Tennessee,3,2026-01-03,2026-01-24,9,2025,312.0,864.7434782608693,-1.0173854596627425
Tennessee,3,2026-01-10,2026-01-31,10,2025,367.0,866.7467438494934,-0.8578169641596931
Texas,3,2025-11-01,2025-11-22,0,2025,438.0,178.9214331870073,0.8919791397654899
Texas,3,2025-11-08,2025-11-29,1,2025,583.0,208.7107165434111,1.0241719420610753
Texas,3,2025-11-15,2025-12-06,2,2025,683.0,264.59110340619304,0.9459999967929047
Texas,3,2025-11-22,2025-12-13,3,2025,934.0,311.94996950699124,1.0945031933553002
Texas,3,2025-11-29,2025-12-20,4,2025,1619.0,441.5521513323936,1.2976231146045283
Texas,3,2025-12-06,2025-12-27,5,2025,2751.0,551.7204433468734,1.6
Texas,3,2025-12-13,2026-01-03,6,2025,2314.0,607.6318312194971,1.335951428059925
Texas,3,2025-12-20,2026-01-10,7,2025,1774.0,840.4619700906154,0.746414882299753
Texas,3,2025-12-27,2026-01-17,8,2025,1156.0,1491.159427675465,-0.2543939028718043
Texas,3,2026-01-03,2026-01-24,9,2025,1309.0,2567.0778506052675,-0.6731305638114016
Texas,3,2026-01-10,2026-01-31,10,2025,1158.0,1652.1562991908927,-0.3551288048756671
US,3,2025-11-01,2025-11-22,0,2025,3528.0,1708.8270674922856,0.7246223094140296
US,3,2025-11-08,2025-11-29,1,2025,5133.0,1900.8596565691164,0.9930529083409549
US,3,2025-11-15,2025-12-06,2,2025,7397.0,2458.3643999175965,1.1013067508675443
US,3,2025-11-22,2025-12-13,3,2025,11045.0,3135.480363334568,1.25896710363752
US,3,2025-11-29,2025-12-20,4,2025,20868.0,4386.971379728753,1.5593977842764346
US,3,2025-12-06,2025-12-27,5,2025,37257.0,6037.71290624763,1.6
US,3,2025-12-13,2026-01-03,6,2025,42147.0,8337.875536798387,1.6
US,3,2025-12-20,2026-01-10,7,2025,29540.0,12348.517492635245,0.8721621360452652
US,3,2025-12-27,2026-01-17,8,2025,19423.0,25663.349605919622,-0.2785934391394047
US,3,2026-01-03,2026-01-24,9,2025,16348.0,46739.42185957171,-1.0504426213414835
US,3,2026-01-10,2026-01-31,10,2025,14393.0,38019.75431019702,-0.9713207236041921
Utah,3,2025-11-01,2025-11-22,0,2025,15.0,7.868270871509571,0.5901088861270338
Utah,3,2025-11-08,2025-11-29,1,2025,32.0,7.338743379900222,1.3755950303211484
Utah,3,2025-11-15,2025-12-06,2,2025,47.0,8.435184787254979,1.6
Utah,3,2025-11-22,2025-12-13,3,2025,64.0,16.551692562811397,1.3092368823085883
Utah,3,2025-11-29,2025-12-20,4,2025,130.0,19.214167944813738,1.6
Utah,3,2025-12-06,2025-12-27,5,2025,234.0,34.4591400123133,1.6
Utah,3,2025-12-13,2026-01-03,6,2025,262.0,45.22631452561805,1.6
Utah,3,2025-12-20,2026-01-10,7,2025,160.0,60.25646418704999,0.9663349833805883
Utah,3,2025-12-27,2026-01-17,8,2025,95.0,123.54685269087484,-0.26033378047807965
Utah,3,2026-01-03,2026-01-24,9,2025,77.0,222.2709194954245,-1.0516770930238453
Utah,3,2026-01-10,2026-01-31,10,2025,66.0,236.7653210993288,-1.266591522016399
Vermont,3,2025-11-01,2025-11-22,0,2025,1.6653345369377348e-16,1.0581931588752709,-0.7218284905756707
Vermont,3,2025-11-08,2025-11-29,1,2025,0.0,0.0,0.0
Vermont,3,2025-11-15,2025-12-06,2,2025,5.0,4.32389215857812,0.11955482461444156
Vermont,3,2025-11-22,2025-12-13,3,2025,9.0,2.8753053246722775,0.947960639828964
Vermont,3,2025-11-29,2025-12-20,4,2025,12.999999999999998,0.0,1.6
Vermont,3,2025-12-06,2025-12-27,5,2025,43.0,0.0,1.6
Vermont,3,2025-12-13,2026-01-03,6,2025,58.0,5.401591746930588,1.6
Vermont,3,2025-12-20,2026-01-10,7,2025,48.0,9.306877339171148,1.5590089228572452
Vermont,3,2025-12-27,2026-01-17,8,2025,34.0,13.334801305611224,0.8926578230376396
Vermont,3,2026-01-03,2026-01-24,9,2025,28.0,45.77208031315458,-0.4779906204105071
Vermont,3,2026-01-10,2026-01-31,10,2025,24.0,59.46181254184488,-0.8831361432240334
Virginia,3,2025-11-01,2025-11-22,0,2025,62.0,28.04214477518302,0.7743866832674176
Virginia,3,2025-11-08,2025-11-29,1,2025,92.0,32.38486689241422,1.0244967828990217
Virginia,3,2025-11-15,2025-12-06,2,2025,167.0,51.010607259913144,1.1725162958565387
Virginia,3,2025-11-22,2025-12-13,3,2025,195.0,45.18596548731726,1.4454386846232987
Virginia,3,2025-11-29,2025-12-20,4,2025,357.0,83.42451172919469,1.4446752036317907
Virginia,3,2025-12-06,2025-12-27,5,2025,843.0,104.14604078790687,1.6
Virginia,3,2025-12-13,2026-01-03,6,2025,1141.0,190.15835738561694,1.6
Virginia,3,2025-12-20,2026-01-10,7,2025,862.0,174.1375333911187,1.5948431207295055
Virginia,3,2025-12-27,2026-01-17,8,2025,458.0,394.73978746105945,0.14829331716351213
Virginia,3,2026-01-03,2026-01-24,9,2025,445.0,1040.3319890496869,-0.8479369793451728
Virginia,3,2026-01-10,2026-01-31,10,2025,376.0,1081.9692717618577,-1.0552166858927023
Washington,3,2025-11-01,2025-11-22,0,2025,37.00000000000001,20.325057303313947,0.5777033792097472
Washington,3,2025-11-08,2025-11-29,1,2025,36.0,23.504203022802084,0.41207325785579085
Washington,3,2025-11-15,2025-12-06,2,2025,61.0,21.09714517687102,1.0316859623826669
Washington,3,2025-11-22,2025-12-13,3,2025,59.0,25.87339488152945,0.8032078028963419
Washington,3,2025-11-29,2025-12-20,4,2025,116.0,40.224586393890064,1.0431390992977523
Washington,3,2025-12-06,2025-12-27,5,2025,164.0,39.42230017471882,1.4065638566981518
Washington,3,2025-12-13,2026-01-03,6,2025,250.0,59.35202830913765,1.4252583830538006
Washington,3,2025-12-20,2026-01-10,7,2025,261.0,57.759817226937415,1.4948862629616633
Washington,3,2025-12-27,2026-01-17,8,2025,206.0,103.21207351381281,0.6862908020037226
Washington,3,2026-01-03,2026-01-24,9,2025,236.0,141.64517273200806,0.5076999039920684
Washington,3,2026-01-10,2026-01-31,10,2025,292.0,211.16344958894194,0.3228156427770257
West Virginia,3,2025-11-01,2025-11-22,0,2025,2.0,6.8807579892723005,-0.9658118021075872
West Virginia,3,2025-11-08,2025-11-29,1,2025,10.0,7.547963684413412,0.25220218378130665
West Virginia,3,2025-11-15,2025-12-06,2,2025,19.0,8.926352629299958,0.700539171198697
West Virginia,3,2025-11-22,2025-12-13,3,2025,26.0,4.491510354408997,1.5926335382260188
West Virginia,3,2025-11-29,2025-12-20,4,2025,64.99999999999999,9.828760191697912,1.6
West Virginia,3,2025-12-06,2025-12-27,5,2025,192.0,21.69909584535631,1.6
West Virginia,3,2025-12-13,2026-01-03,6,2025,229.0,28.18839454379233,1.6
West Virginia,3,2025-12-20,2026-01-10,7,2025,203.0,30.224183996795908,1.6
West Virginia,3,2025-12-27,2026-01-17,8,2025,163.0,89.57264978266056,0.5937141391284166
West Virginia,3,2026-01-03,2026-01-24,9,2025,186.0,272.51544598491455,-0.380249478677551
West Virginia,3,2026-01-10,2026-01-31,10,2025,215.0,194.1046078859098,0.10174254226168156
Wisconsin,3,2025-11-01,2025-11-22,0,2025,19.0,10.379848459214315,0.5638881613579749
Wisconsin,3,2025-11-08,2025-11-29,1,2025,51.0,4.934356192058574,1.6
Wisconsin,3,2025-11-15,2025-12-06,2,2025,84.0,5.3015755850458,1.6
Wisconsin,3,2025-11-22,2025-12-13,3,2025,161.0,7.836218198492887,1.6
Wisconsin,3,2025-11-29,2025-12-20,4,2025,322.0,28.629776947030606,1.6
Wisconsin,3,2025-12-06,2025-12-27,5,2025,757.0,80.20787820696542,1.6
Wisconsin,3,2025-12-13,2026-01-03,6,2025,1052.0,121.83214274300566,1.6
Wisconsin,3,2025-12-20,2026-01-10,7,2025,722.0,233.67278562630588,1.1252170798966832
Wisconsin,3,2025-12-27,2026-01-17,8,2025,452.0,481.9668956864747,-0.06405598686923941
Wisconsin,3,2026-01-03,2026-01-24,9,2025,361.0,1252.7642681771047,-1.2422615077860995
Wisconsin,3,2026-01-10,2026-01-31,10,2025,245.0,1570.6728921203032,-1.6
Wyoming,3,2025-11-01,2025-11-22,0,2025,2.0000000000000018,4.327749993459388,-0.5743167203195381
Wyoming,3,2025-11-08,2025-11-29,1,2025,10.0,6.255498040241202,0.41613574095604644
Wyoming,3,2025-11-15,2025-12-06,2,2025,10.0,4.8429536145422105,0.6326588478948896
Wyoming,3,2025-11-22,2025-12-13,3,2025,21.0,7.31431626259622,0.9730635734875652
Wyoming,3,2025-11-29,2025-12-20,4,2025,29.0,3.1460627673937696,1.6
Wyoming,3,2025-12-06,2025-12-27,5,2025,57.0,10.22082724302192,1.6
Wyoming,3,2025-12-13,2026-01-03,6,2025,58.0,9.568946891343927,1.6
Wyoming,3,2025-12-20,2026-01-10,7,2025,56.0,22.13587796790371,0.9016666964267528
Wyoming,3,2025-12-27,2026-01-17,8,2025,26.0,28.33090711562172,-0.08280494441750275
Wyoming,3,2026-01-03,2026-01-24,9,2025,17.0,57.54387869145175,-1.1794047782866386
Wyoming,3,2026-01-10,2026-01-31,10,2025,9.0,60.57450403179337,-1.6
